ISO3,Country,Capacity GHS,Response GHS
SSD,South Sudan,17.05,25.4
RWA,Rwanda,26.55,30.5
KEN,Kenya,38.6,19.3
ZMB,Zambia,20.200000000000003,34.9
ETH,Ethiopia,28.95,45.9
TZA,"Tanzania, United Republic of",18.3,26.4
BDI,Burundi,11.649999999999999,21.5
AGO,Angola,18.200000000000003,31.6
ZAF,South Africa,39.6,62.0
CAF,Central African Republic,10.4,20.6
NGA,Nigeria,30.65,43.2
ZWE,Zimbabwe,28.6,31.4
BWA,Botswana,25.1,25.3
CMR,Cameroon,25.55,29.5
MWI,Malawi,16.45,24.9
SDN,Sudan,14.3,42.9
EGY,Egypt,18.85,20.9
TCD,Chad,14.25,25.7
GHA,Ghana,27.9,31.4
MOZ,Mozambique,26.15,26.9
BFA,Burkina Faso,23.799999999999997,32.4
CIV,Côte d'Ivoire,23.35,35.3
MLI,Mali,21.200000000000003,32.2
NAM,Namibia,24.3,31.1
GAB,Gabon,9.6,28.4
NER,Niger,24.1,26.7
BEN,Benin,10.95,29.3
SOM,Somalia,6.5,25.8
TUN,Tunisia,16.7,41.9
TGO,Togo,24.200000000000003,27.0
SEN,Senegal,21.45,41.3
SWZ,Eswatini,16.75,25.9
MAR,Morocco,29.35,28.0
ERI,Eritrea,9.5,19.9
DJI,Djibouti,14.1,29.1
GIN,Guinea,24.3,25.4
LSO,Lesotho,17.85,45.8
DZA,Algeria,13.8,25.6
SLE,Sierra Leone,31.2,37.3
LBR,Liberia,30.5,32.6
GMB,Gambia,19.2,30.9
LBY,Libya,20.65,31.1
GNQ,Equatorial Guinea,4.15,21.2
MRT,Mauritania,23.85,28.5
GNB,Guinea-Bissau,11.95,25.3
COG,Congo,8.899999999999999,36.2
