ISO3,Country,Current epidemic spread,Kinshasa amplification (DRC),Kampala amplification (Uganda),Bujumbura amplification (Burundi),Juba amplification (South Sudan),Kigali amplification (Rwanda),Nairobi amplification (Kenya),Lusaka amplification (Zambia)
SSD,South Sudan,32.276,22.024,22.813,28.626,,16.573,17.83,11.948
RWA,Rwanda,16.31,11.278,15.28,24.492,21.133,,8.514,6.245
KEN,Kenya,13.187,10.056,29.188,12.635,22.46,9.163,,5.386
ZMB,Zambia,11.102,9.533,5.451,9.953,14.222,6.028,5.241,
ETH,Ethiopia,5.457,6.087,3.785,5.399,10.709,3.415,11.315,2.24
TZA,Tanzania,4.711,3.455,10.707,6.385,6.209,13.445,31.805,4.449
BDI,Burundi,3.523,2.543,2.643,,4.636,40.254,3.064,1.464
AGO,Angola,2.853,11.556,1.397,2.539,3.659,1.538,1.222,3.127
ZAF,South Africa,1.713,2.738,1.601,1.61,2.35,1.38,3.327,3.965
CAF,Central African Republic,0.934,0.896,0.595,0.869,1.366,0.787,0.604,0.398
NGA,Nigeria,0.774,0.903,0.87,0.715,1.035,0.926,1.088,0.391
ZWE,Zimbabwe,0.732,0.665,0.52,0.712,0.976,0.643,0.915,36.343
BWA,Botswana,0.555,0.517,0.322,0.508,0.715,0.379,0.359,6.022
CMR,Cameroon,0.453,0.736,0.284,0.438,0.59,0.456,0.395,0.228
MWI,Malawi,0.444,0.341,0.491,0.439,0.605,0.658,1.609,9.036
SDN,Sudan,0.439,0.315,0.315,0.409,2.721,0.283,0.278,0.177
EGY,Egypt,0.395,0.508,0.473,0.375,1.043,0.335,0.798,0.198
TCD,Chad,0.363,0.338,0.198,0.338,0.471,0.267,0.251,0.163
GHA,Ghana,0.332,0.436,0.274,0.314,0.454,0.405,0.666,0.19
MOZ,Mozambique,0.309,0.272,0.239,0.292,0.406,0.329,0.498,4.915
BFA,Burkina Faso,0.267,0.288,0.16,0.248,0.348,0.195,0.202,0.135
CIV,Ivory Coast,0.244,0.52,0.164,0.226,0.32,0.195,0.302,0.134
MLI,Mali,0.24,0.254,0.154,0.222,0.312,0.171,0.169,0.127
NAM,Namibia,0.234,0.268,0.145,0.215,0.301,0.159,0.162,1.302
GAB,Gabon,0.211,0.663,0.132,0.195,0.274,0.322,0.147,0.14
NER,Niger,0.203,0.228,0.123,0.193,0.266,0.153,0.159,0.102
BEN,Benin,0.192,0.252,0.122,0.18,0.249,0.173,0.148,0.094
SOM,Somalia,0.183,0.134,0.523,0.184,0.287,0.142,6.923,0.083
TUN,Tunisia,0.173,0.218,0.096,0.16,0.227,0.11,0.171,0.083
TGO,Togo,0.16,0.307,0.098,0.146,0.209,0.122,0.251,0.081
SEN,Senegal,0.157,0.206,0.106,0.15,0.235,0.133,0.261,0.086
SWZ,Eswatini,0.12,0.104,0.076,0.113,0.155,0.096,0.093,0.195
MAR,Morocco,0.098,0.223,0.067,0.092,0.145,0.076,0.194,0.069
ERI,Eritrea,0.084,0.064,0.142,0.075,0.129,0.053,0.072,0.038
DJI,Djibouti,0.081,0.065,0.065,0.077,0.122,0.068,0.347,0.044
GIN,Guinea,0.071,0.08,0.044,0.065,0.093,0.055,0.049,0.039
LSO,Lesotho,0.067,0.06,0.045,0.064,0.087,0.061,0.061,0.106
DZA,Algeria,0.061,0.063,0.042,0.058,0.085,0.043,0.069,0.039
SLE,Sierra Leone,0.057,0.062,0.044,0.053,0.075,0.045,0.092,0.029
LBR,Liberia,0.05,0.057,0.04,0.046,0.066,0.047,0.084,0.031
GMB,Gambia,0.05,0.05,0.031,0.046,0.065,0.037,0.048,0.024
LBY,Libya,0.046,0.036,0.025,0.042,0.061,0.034,0.034,0.019
GNQ,Equatorial Guinea,0.043,0.091,0.031,0.042,0.057,0.03,0.032,0.025
MRT,Mauritania,0.021,0.022,0.011,0.019,0.027,0.014,0.02,0.013
GNB,Guinea-Bissau,0.016,0.016,0.009,0.015,0.02,0.014,0.013,0.007
COG,Congo,0.01,10.469,0.059,0.026,0.026,0.189,0.12,0.067
