ISO3,Country,Total risk,Risk land,Risk air,Rank total risk,Rank risk land,Rank risk air,Capacity SPAR,Capacity GHS,Response SPAR,Response GHS,Rank Capacity SPAR,Rank Response SPAR,Rank Capacity GHS,Rank Response GHS
SSD,South Sudan,"0,3231","0,3269","0,0005",1,1,30,"29,97","17,05","36,50","25,40",42,33,30,36
RWA,Rwanda,"0,1672","0,1692","0,0025",2,2,18,"43,98","26,55","63,33","30,50",26,13,10,21
ZMB,Zambia,"0,1181","0,1194","0,0122",3,3,7,"64,33","20,20","72,33","34,90",6,7,24,11
KEN,Kenya,"0,1165","0,1154","0,2045",4,4,3,"52,78","38,60","59,17","19,30",15,17,2,46
ETH,Ethiopia,"0,0559","0,0529","0,3079",5,5,1,"65,09","28,95","72,33","45,90",5,7,7,2
TZA,"Tanzania, United Republic of","0,0419","0,0418","0,0563",6,6,5,"54,63","18,30","77,75","26,40",10,3,27,31
BDI,Burundi,"0,0364","0,0361","0,0615",7,7,4,"36,81","11,65","20,42","21,50",33,39,39,41
AGO,Angola,"0,0307","0,0310","0,0088",8,8,9,"52,12","18,20","57,33","31,60",16,18,28,15
ZAF,South Africa,"0,0177","0,0146","0,2694",9,9,2,"52,89","39,60","64,00","62,00",13,12,1,1
CAF,Central African Republic,"0,0100","0,0101","0,0019",10,10,20,"30,16","10,40","20,42","20,60",41,39,41,44
NGA,Nigeria,"0,0080","0,0080","0,0026",11,11,16,"48,87","30,65","65,42","43,20",18,10,4,4
ZWE,Zimbabwe,"0,0076","0,0077","0,0057",12,12,10,"45,73","28,60","45,58","31,40",22,25,8,16
BWA,Botswana,"0,0058","0,0059","0,0002",13,13,34,"34,62","25,10","24,58","25,30",36,37,13,38
CMR,Cameroon,"0,0048","0,0048","0,0046",14,14,13,"25,15","25,55","36,00","29,50",45,34,12,22
SDN,Sudan,"0,0045","0,0046","0,0000",15,15,46,"45,81","14,30","51,00","42,90",21,19,34,5
MWI,Malawi,"0,0045","0,0045","0,0002",16,16,35,"46,92","16,45","77,25","24,90",19,4,33,40
EGY,Egypt,"0,0040","0,0039","0,0097",17,18,8,"90,79","18,85","91,67","20,90",1,1,26,43
TCD,Chad,"0,0039","0,0039","0,0007",18,17,29,"40,72","14,25","23,33","25,70",29,38,35,34
GHA,Ghana,"0,0035","0,0035","0,0034",19,19,15,"44,68","27,90","33,50","31,40",23,35,9,16
MOZ,Mozambique,"0,0032","0,0032","0,0010",20,20,23,"63,38","26,15","51,00","26,90",7,19,11,29
BFA,Burkina Faso,"0,0028","0,0028","0,0008",21,21,27,"27,07","23,80","41,42","32,40",44,30,19,13
CIV,Côte d'Ivoire,"0,0026","0,0025","0,0052",22,22,11,"46,82","23,35","64,75","35,30",20,11,20,10
MLI,Mali,"0,0025","0,0025","0,0012",23,23,22,"44,18","21,20","45,25","32,20",25,27,22,14
NAM,Namibia,"0,0025","0,0025","0,0009",24,24,25,"42,87","24,30","40,00","31,10",28,32,14,18
GAB,Gabon,"0,0022","0,0022","0,0025",25,25,17,"52,87","9,60","46,08","28,40",14,24,42,26
NER,Niger,"0,0022","0,0022","0,0005",26,26,31,"58,98","24,10","46,67","26,70",9,21,17,30
BEN,Benin,"0,0020","0,0020","0,0008",27,27,26,"31,11","10,95","45,42","29,30",38,26,40,23
TUN,Tunisia,"0,0018","0,0018","0,0018",28,28,21,"78,54","16,70","76,08","41,90",3,6,32,6
TGO,Togo,"0,0017","0,0017","0,0025",29,29,19,"36,02","24,20","46,67","27,00",34,21,16,28
SEN,Senegal,"0,0016","0,0016","0,0048",30,30,12,"39,57","21,45","62,25","41,30",31,14,21,7
SOM,Somalia,"0,0016","0,0016","0,0007",31,31,28,"30,81","6,50","20,42","25,80",39,39,45,33
SWZ,Eswatini,"0,0013","0,0013","0,0001",32,32,40,"44,62","16,75","46,25","25,90",24,23,31,32
MAR,Morocco,"0,0010","0,0008","0,0185",33,34,6,"66,04","29,35","77,25","28,00",4,4,6,27
DJI,Djibouti,"0,0008","0,0008","0,0002",34,33,36,"43,11","14,10","11,92","29,10",27,45,36,24
ERI,Eritrea,"0,0008","0,0008","0,0004",35,35,32,"53,18","9,50","44,33","19,90",12,28,43,45
GIN,Guinea,"0,0007","0,0008","0,0003",36,36,33,"60,73","24,30","70,58","25,40",8,9,14,36
LSO,Lesotho,"0,0007","0,0007","0,0000",37,37,43,"35,32","17,85","41,00","45,80",35,31,29,3
DZA,Algeria,"0,0007","0,0007","0,0010",38,38,24,"81,59","13,80","82,50","25,60",2,2,37,35
SLE,Sierra Leone,"0,0006","0,0006","0,0001",39,39,39,"50,38","31,20","60,25","37,30",17,16,3,8
GMB,Gambia,"0,0005","0,0005","0,0000",40,40,42,"29,91","19,20","20,25","30,90",43,42,25,20
LBR,Liberia,"0,0005","0,0005","0,0001",41,41,38,"40,07","30,50","42,67","32,60",30,29,5,12
LBY,Libya,"0,0005","0,0005","0,0000",42,42,45,"30,77","20,65","16,25","31,10",40,43,23,18
GNQ,Equatorial Guinea,"0,0005","0,0005","0,0001",43,43,37,"33,97","4,15","15,00","21,20",37,44,46,42
MRT,Mauritania,"0,0002","0,0002","0,0000",44,44,41,"17,81","23,85","9,58","28,50",46,46,18,25
GNB,Guinea-Bissau,"0,0002","0,0002","0,0000",45,45,44,"54,58","11,95","61,67","25,30",11,15,38,38
COG,Congo,"0,0001","0,0000","0,0037",46,46,14,"38,22","8,90","32,92","36,20",32,36,44,9