ISO3,Country,Border distance,Total risk,Risk land,Risk air,Rank total risk,Rank risk air,Rank risk land,Capacity SPAR,Capacity GHS,Response SPAR,Response GHS,Rank Capacity SPAR,Rank Response SPAR,Rank Capacity GHS,Rank Response GHS
SSD,South Sudan,1,0.3228,0.3278,0.0197,1,6,1,29.97,17.05,36.50,25.40,42,33,36,30
RWA,Rwanda,1,0.1631,0.1655,0.0173,2,8,2,43.98,26.55,63.33,30.50,26,13,21,10
KEN,Kenya,1,0.1319,0.1300,0.2432,3,2,3,52.78,38.60,59.17,19.30,15,17,46,2
ZMB,Zambia,1,0.1110,0.1126,0.0125,4,11,4,64.33,20.20,72.33,34.90,6,7,11,24
ETH,Ethiopia,2,0.0546,0.0514,0.2495,5,1,5,65.09,28.95,72.33,45.90,5,7,2,7
TZA,"Tanzania, United Republic of",1,0.0471,0.0467,0.0740,6,4,6,54.63,18.30,77.75,26.40,10,3,31,27
BDI,Burundi,1,0.0352,0.0350,0.0518,7,5,7,36.81,11.65,20.42,21.50,33,39,41,39
AGO,Angola,1,0.0285,0.0289,0.0072,8,13,8,52.12,18.20,57.33,31.60,16,18,15,28
ZAF,South Africa,3,0.0171,0.0139,0.2136,9,3,9,52.89,39.60,64.00,62.00,13,12,1,1
CAF,Central African Republic,1,0.0093,0.0095,0.0022,10,22,10,30.16,10.40,20.42,20.60,41,39,44,41
NGA,Nigeria,3,0.0077,0.0076,0.0174,11,7,11,48.87,30.65,65.42,43.20,18,10,4,4
ZWE,Zimbabwe,2,0.0073,0.0073,0.0069,12,14,12,45.73,28.60,45.58,31.40,22,25,16,8
BWA,Botswana,3,0.0056,0.0056,0.0009,13,32,13,34.62,25.10,24.58,25.30,36,37,38,13
CMR,Cameroon,2,0.0045,0.0045,0.0043,14,17,14,25.15,25.55,36.00,29.50,45,34,22,12
MWI,Malawi,2,0.0044,0.0045,0.0020,15,23,15,46.92,16.45,77.25,24.90,19,4,40,33
SDN,Sudan,2,0.0044,0.0044,0.0023,16,21,16,45.81,14.30,51.00,42.90,21,19,5,34
EGY,Egypt,3,0.0040,0.0038,0.0155,17,9,17,90.79,18.85,91.67,20.90,1,1,43,26
TCD,Chad,2,0.0036,0.0037,0.0008,18,34,18,40.72,14.25,23.33,25.70,29,38,34,35
GHA,Ghana,5,0.0033,0.0033,0.0056,19,15,19,44.68,27.90,33.50,31.40,23,35,16,9
MOZ,Mozambique,2,0.0031,0.0031,0.0016,20,26,20,63.38,26.15,51.00,26.90,7,19,29,11
BFA,Burkina Faso,4,0.0027,0.0027,0.0009,21,33,21,27.07,23.80,41.42,32.40,44,30,13,19
CIV,Côte d'Ivoire,5,0.0024,0.0024,0.0044,22,16,23,46.82,23.35,64.75,35.30,20,11,10,20
MLI,Mali,4,0.0024,0.0024,0.0011,23,29,22,44.18,21.20,45.25,32.20,25,27,14,22
NAM,Namibia,2,0.0023,0.0024,0.0014,24,28,24,42.87,24.30,40.00,31.10,28,32,18,14
GAB,Gabon,2,0.0021,0.0021,0.0019,25,25,25,52.87,9.60,46.08,28.40,14,24,26,42
NER,Niger,3,0.0020,0.0021,0.0006,26,35,26,58.98,24.10,46.67,26.70,9,21,30,17
BEN,Benin,4,0.0019,0.0019,0.0009,27,31,27,31.11,10.95,45.42,29.30,38,26,23,40
SOM,Somalia,2,0.0018,0.0017,0.0099,28,12,29,30.81,6.50,20.42,25.80,39,39,33,45
TUN,Tunisia,4,0.0017,0.0017,0.0015,29,27,28,78.54,16.70,76.08,41.90,3,6,6,32
TGO,Togo,5,0.0016,0.0016,0.0020,30,24,30,36.02,24.20,46.67,27.00,34,21,28,16
SEN,Senegal,5,0.0016,0.0015,0.0039,31,18,31,39.57,21.45,62.25,41.30,31,14,7,21
SWZ,Eswatini,3,0.0012,0.0012,0.0001,32,42,32,44.62,16.75,46.25,25.90,24,23,32,31
MAR,Morocco,5,0.0010,0.0008,0.0136,33,10,35,66.04,29.35,77.25,28.00,4,4,27,6
ERI,Eritrea,3,0.0008,0.0008,0.0028,34,20,34,53.18,9.50,44.33,19.90,12,28,45,43
DJI,Djibouti,3,0.0008,0.0008,0.0005,35,36,33,43.11,14.10,11.92,29.10,27,45,24,36
GIN,Guinea,5,0.0007,0.0007,0.0003,36,39,36,60.73,24.30,70.58,25.40,8,9,36,14
LSO,Lesotho,4,0.0007,0.0007,0.0001,37,43,37,35.32,17.85,41.00,45.80,35,31,3,29
DZA,Algeria,4,0.0006,0.0006,0.0010,38,30,38,81.59,13.80,82.50,25.60,2,2,35,37
SLE,Sierra Leone,6,0.0006,0.0006,0.0005,39,38,39,50.38,31.20,60.25,37.30,17,16,8,3
LBR,Liberia,6,0.0005,0.0005,0.0005,40,37,41,40.07,30.50,42.67,32.60,30,29,12,5
GMB,Gambia,6,0.0005,0.0005,0.0002,41,40,40,29.91,19.20,20.25,30.90,43,42,20,25
LBY,Libya,3,0.0005,0.0005,0.0000,42,46,42,30.77,20.65,16.25,31.10,40,43,18,23
GNQ,Equatorial Guinea,5,0.0004,0.0004,0.0002,43,41,43,33.97,4.15,15.00,21.20,37,44,42,46
MRT,Mauritania,6,0.0002,0.0002,0.0000,44,44,44,17.81,23.85,9.58,28.50,46,46,25,18
GNB,Guinea-Bissau,1,0.0002,0.0002,0.0000,45,45,45,54.58,11.95,61.67,25.30,11,15,38,38
COG,Congo,,0.0001,0.0001,0.0031,46,19,46,38.22,8.90,32.92,36.20,32,36,9,44