ISO3,Country,Capacity SPAR,Response SPAR
SSD,South Sudan,29.965789473684207,36.5
RWA,Rwanda,43.98157894736842,63.333333333333336
KEN,Kenya,52.781578947368416,59.166666666666664
ZMB,Zambia,64.32894736842105,72.33333333333333
ETH,Ethiopia,65.08684210526316,72.33333333333333
TZA,"Tanzania, United Republic of",54.63157894736842,77.75
BDI,Burundi,36.8078947368421,20.416666666666668
AGO,Angola,52.123684210526314,57.333333333333336
ZAF,South Africa,52.88947368421052,64.0
CAF,Central African Republic,30.157894736842103,20.416666666666668
NGA,Nigeria,48.873684210526314,65.41666666666667
ZWE,Zimbabwe,45.73157894736842,45.583333333333336
BWA,Botswana,34.623684210526314,24.583333333333332
CMR,Cameroon,25.15263157894737,36.0
MWI,Malawi,46.91578947368421,77.25
SDN,Sudan,45.810526315789474,51.0
EGY,Egypt,90.78947368421052,91.66666666666667
TCD,Chad,40.71842105263158,23.333333333333332
GHA,Ghana,44.67894736842105,33.5
MOZ,Mozambique,63.376315789473686,51.0
BFA,Burkina Faso,27.071052631578947,41.416666666666664
CIV,Côte d'Ivoire,46.82105263157895,64.75
MLI,Mali,44.17631578947368,45.25
NAM,Namibia,42.873684210526314,40.0
GAB,Gabon,52.873684210526314,46.083333333333336
NER,Niger,58.98157894736842,46.666666666666664
BEN,Benin,31.110526315789475,45.416666666666664
SOM,Somalia,30.807894736842105,20.416666666666668
TUN,Tunisia,78.54473684210527,76.08333333333333
TGO,Togo,36.01842105263158,46.666666666666664
SEN,Senegal,39.57105263157895,62.25
SWZ,Eswatini,44.623684210526314,46.25
MAR,Morocco,66.03947368421052,77.25
ERI,Eritrea,53.184210526315795,44.333333333333336
DJI,Djibouti,43.10526315789474,11.916666666666666
GIN,Guinea,60.72894736842105,70.58333333333333
LSO,Lesotho,35.32105263157895,41.0
DZA,Algeria,81.58684210526316,82.5
SLE,Sierra Leone,50.37631578947368,60.25
LBR,Liberia,40.07105263157895,42.666666666666664
GMB,Gambia,29.913157894736845,20.25
LBY,Libya,30.771052631578947,16.25
GNQ,Equatorial Guinea,33.96578947368421,15.0
MRT,Mauritania,17.807894736842105,9.583333333333334
GNB,Guinea-Bissau,54.58421052631579,61.666666666666664
COG,Congo,38.21578947368421,32.916666666666664
