HZ,ZSCode,cases
Rwampara,CD5402ZS06,902
Bunia,CD5402ZS02,1279
Nizi,CD5405ZS11,609
Mongbalu,CD5405ZS10,600
Mangala,CD5405ZS09,191
Nia-Nia,CD5403ZS04,191
Lita,CD5405ZS08,196
Katwa,CD6110ZS02,342
Nyakunde,CD5402ZS05,122
Bambu,CD5405ZS01,127
Fataki,CD5405ZS04,73
Butembo,CD6110ZS01,137
Tchomia,CD5405ZS13,54
Beni,CD6109ZS01,114
Kilo,CD5405ZS06,31
Komanda,CD5402ZS04,58
Musienene,CD6105ZS07,68
Wamba,CD5311ZS03,58
Isiro,CD5302ZS01,67
Damas,CD5405ZS02,27
Lolwa,CD5403ZS01,17
Mandima,CD5403ZS03,32
Boma-Mangbetu,CD5311ZS01,24
Mambasa,CD5403ZS02,14
Adja,CD5409ZS02,11
Drodro,CD5405ZS03,13
Aungba,CD5407ZS02,12
Pawa,CD5311ZS02,20
Kyondo,CD6107ZS03,16
Kalunguta,CD6107ZS01,13
Logo,CD5407ZS04,11
Rimba,CD5407ZS07,10
Ariwara,CD5409ZS03,8
Aru,CD5409ZS04,7
Masereka,CD6105ZS06,7
Vuhovi,CD6107ZS07,5
Gethy,CD5402ZS03,5
Mahagi,CD5407ZS05,4
Makiso-Kisangani,CD5101ZS03,6
Oicha,CD6107ZS06,6
Gombari,CD5309ZS01,3
Kambala,CD5407ZS03,2
Mabalako,CD6107ZS04,3
Kabondo,CD5101ZS01,3
Miti-Murhesa,CD6202ZS04,3
Boga,CD5402ZS01,1
Mangobo,CD5101ZS04,2
Bafwasende,CD5111ZS02,1
Wanierukula,CD5102ZS03,1
Viadana,CD5208ZS02,1
Lubunga,CD9107ZS03,1
Rungu,CD5302ZS02,1
Goma,CD6101ZS01,1
Tshopo,CD5101ZS05,1
Mutwanga,CD6107ZS05,1
Lubero,CD6105ZS04,1
Buta,CD5202ZS01,1


