zoneCode,dest,pax
CD5101ZS01,AGO,1
CD5101ZS01,BDI,1
CD5101ZS01,BEN,1
CD5101ZS01,BFA,1
CD5101ZS01,BWA,1
CD5101ZS01,CAF,1
CD5101ZS01,CIV,1
CD5101ZS01,CMR,1
CD5101ZS01,COG,1
CD5101ZS01,DJI,1
CD5101ZS01,DZA,1
CD5101ZS01,EGY,1
CD5101ZS01,ERI,1
CD5101ZS01,ETH,1
CD5101ZS01,GAB,1
CD5101ZS01,GHA,1
CD5101ZS01,GIN,1
CD5101ZS01,GMB,1
CD5101ZS01,GNB,1
CD5101ZS01,GNQ,1
CD5101ZS01,KEN,1
CD5101ZS01,LBR,1
CD5101ZS01,LBY,1
CD5101ZS01,LSO,1
CD5101ZS01,MAR,1
CD5101ZS01,MLI,1
CD5101ZS01,MOZ,1
CD5101ZS01,MRT,1
CD5101ZS01,MWI,1
CD5101ZS01,NAM,1
CD5101ZS01,NER,1
CD5101ZS01,NGA,1
CD5101ZS01,RWA,1
CD5101ZS01,SDN,1
CD5101ZS01,SEN,1
CD5101ZS01,SLE,1
CD5101ZS01,SOM,1
CD5101ZS01,SSD,1
CD5101ZS01,SWZ,1
CD5101ZS01,TCD,1
CD5101ZS01,TGO,1
CD5101ZS01,TUN,1
CD5101ZS01,TZA,1
CD5101ZS01,UGA,1
CD5101ZS01,ZAF,1
CD5101ZS01,ZMB,1
CD5101ZS01,ZWE,1
CD5101ZS03,AGO,1
CD5101ZS03,BDI,1
CD5101ZS03,BEN,1
CD5101ZS03,BFA,1
CD5101ZS03,BWA,1
CD5101ZS03,CAF,1
CD5101ZS03,CIV,1
CD5101ZS03,CMR,1
CD5101ZS03,COG,1
CD5101ZS03,DJI,1
CD5101ZS03,DZA,1
CD5101ZS03,EGY,1
CD5101ZS03,ERI,1
CD5101ZS03,ETH,1
CD5101ZS03,GAB,1
CD5101ZS03,GHA,1
CD5101ZS03,GIN,1
CD5101ZS03,GMB,1
CD5101ZS03,GNB,1
CD5101ZS03,GNQ,1
CD5101ZS03,KEN,1
CD5101ZS03,LBR,1
CD5101ZS03,LBY,1
CD5101ZS03,LSO,1
CD5101ZS03,MAR,1
CD5101ZS03,MLI,1
CD5101ZS03,MOZ,1
CD5101ZS03,MRT,1
CD5101ZS03,MWI,1
CD5101ZS03,NAM,1
CD5101ZS03,NER,1
CD5101ZS03,NGA,1
CD5101ZS03,RWA,1
CD5101ZS03,SDN,1
CD5101ZS03,SEN,1
CD5101ZS03,SLE,1
CD5101ZS03,SOM,1
CD5101ZS03,SSD,1
CD5101ZS03,SWZ,1
CD5101ZS03,TCD,1
CD5101ZS03,TGO,1
CD5101ZS03,TUN,1
CD5101ZS03,TZA,1
CD5101ZS03,UGA,1
CD5101ZS03,ZAF,1
CD5101ZS03,ZMB,1
CD5101ZS03,ZWE,1
CD5101ZS04,AGO,1
CD5101ZS04,BDI,1
CD5101ZS04,BEN,1
CD5101ZS04,BFA,1
CD5101ZS04,BWA,1
CD5101ZS04,CAF,1
CD5101ZS04,CIV,1
CD5101ZS04,CMR,1
CD5101ZS04,COG,1
CD5101ZS04,DJI,1
CD5101ZS04,DZA,1
CD5101ZS04,EGY,1
CD5101ZS04,ERI,1
CD5101ZS04,ETH,1
CD5101ZS04,GAB,1
CD5101ZS04,GHA,1
CD5101ZS04,GIN,1
CD5101ZS04,GMB,1
CD5101ZS04,GNB,1
CD5101ZS04,GNQ,1
CD5101ZS04,KEN,1
CD5101ZS04,LBR,1
CD5101ZS04,LBY,1
CD5101ZS04,LSO,1
CD5101ZS04,MAR,1
CD5101ZS04,MLI,1
CD5101ZS04,MOZ,1
CD5101ZS04,MRT,1
CD5101ZS04,MWI,1
CD5101ZS04,NAM,1
CD5101ZS04,NER,1
CD5101ZS04,NGA,1
CD5101ZS04,RWA,1
CD5101ZS04,SDN,1
CD5101ZS04,SEN,1
CD5101ZS04,SLE,1
CD5101ZS04,SOM,1
CD5101ZS04,SSD,1
CD5101ZS04,SWZ,1
CD5101ZS04,TCD,1
CD5101ZS04,TGO,1
CD5101ZS04,TUN,1
CD5101ZS04,TZA,1
CD5101ZS04,UGA,1
CD5101ZS04,ZAF,1
CD5101ZS04,ZMB,1
CD5101ZS04,ZWE,1
CD5101ZS05,AGO,1
CD5101ZS05,BDI,1
CD5101ZS05,BEN,1
CD5101ZS05,BFA,1
CD5101ZS05,BWA,1
CD5101ZS05,CAF,1
CD5101ZS05,CIV,1
CD5101ZS05,CMR,1
CD5101ZS05,COG,1
CD5101ZS05,DJI,1
CD5101ZS05,DZA,1
CD5101ZS05,EGY,1
CD5101ZS05,ERI,1
CD5101ZS05,ETH,1
CD5101ZS05,GAB,1
CD5101ZS05,GHA,1
CD5101ZS05,GIN,1
CD5101ZS05,GMB,1
CD5101ZS05,GNB,1
CD5101ZS05,GNQ,1
CD5101ZS05,KEN,1
CD5101ZS05,LBR,1
CD5101ZS05,LBY,1
CD5101ZS05,LSO,1
CD5101ZS05,MAR,1
CD5101ZS05,MLI,1
CD5101ZS05,MOZ,1
CD5101ZS05,MRT,1
CD5101ZS05,MWI,1
CD5101ZS05,NAM,1
CD5101ZS05,NER,1
CD5101ZS05,NGA,1
CD5101ZS05,RWA,1
CD5101ZS05,SDN,1
CD5101ZS05,SEN,1
CD5101ZS05,SLE,1
CD5101ZS05,SOM,1
CD5101ZS05,SSD,1
CD5101ZS05,SWZ,1
CD5101ZS05,TCD,1
CD5101ZS05,TGO,1
CD5101ZS05,TUN,1
CD5101ZS05,TZA,1
CD5101ZS05,UGA,1
CD5101ZS05,ZAF,1
CD5101ZS05,ZMB,1
CD5101ZS05,ZWE,1
CD5102ZS03,AGO,1
CD5102ZS03,BDI,1
CD5102ZS03,BEN,1
CD5102ZS03,BFA,1
CD5102ZS03,BWA,1
CD5102ZS03,CAF,1
CD5102ZS03,CIV,1
CD5102ZS03,CMR,1
CD5102ZS03,COG,1
CD5102ZS03,DJI,1
CD5102ZS03,DZA,1
CD5102ZS03,EGY,1
CD5102ZS03,ERI,1
CD5102ZS03,ETH,1
CD5102ZS03,GAB,1
CD5102ZS03,GHA,1
CD5102ZS03,GIN,1
CD5102ZS03,GMB,1
CD5102ZS03,GNB,1
CD5102ZS03,GNQ,1
CD5102ZS03,KEN,1
CD5102ZS03,LBR,1
CD5102ZS03,LBY,1
CD5102ZS03,LSO,1
CD5102ZS03,MAR,1
CD5102ZS03,MLI,1
CD5102ZS03,MOZ,1
CD5102ZS03,MRT,1
CD5102ZS03,MWI,1
CD5102ZS03,NAM,1
CD5102ZS03,NER,1
CD5102ZS03,NGA,1
CD5102ZS03,RWA,1
CD5102ZS03,SDN,1
CD5102ZS03,SEN,1
CD5102ZS03,SLE,1
CD5102ZS03,SOM,1
CD5102ZS03,SSD,1
CD5102ZS03,SWZ,1
CD5102ZS03,TCD,1
CD5102ZS03,TGO,1
CD5102ZS03,TUN,1
CD5102ZS03,TZA,1
CD5102ZS03,UGA,1
CD5102ZS03,ZAF,1
CD5102ZS03,ZMB,1
CD5102ZS03,ZWE,1
CD5111ZS02,AGO,1
CD5111ZS02,BDI,1
CD5111ZS02,BEN,1
CD5111ZS02,BFA,1
CD5111ZS02,BWA,1
CD5111ZS02,CAF,1
CD5111ZS02,CIV,1
CD5111ZS02,CMR,1
CD5111ZS02,COG,1
CD5111ZS02,DJI,1
CD5111ZS02,DZA,1
CD5111ZS02,EGY,1
CD5111ZS02,ERI,1
CD5111ZS02,ETH,1
CD5111ZS02,GAB,1
CD5111ZS02,GHA,1
CD5111ZS02,GIN,1
CD5111ZS02,GMB,1
CD5111ZS02,GNB,1
CD5111ZS02,GNQ,1
CD5111ZS02,KEN,1
CD5111ZS02,LBR,1
CD5111ZS02,LBY,1
CD5111ZS02,LSO,1
CD5111ZS02,MAR,1
CD5111ZS02,MLI,1
CD5111ZS02,MOZ,1
CD5111ZS02,MRT,1
CD5111ZS02,MWI,1
CD5111ZS02,NAM,1
CD5111ZS02,NER,1
CD5111ZS02,NGA,1
CD5111ZS02,RWA,1
CD5111ZS02,SDN,1
CD5111ZS02,SEN,1
CD5111ZS02,SLE,1
CD5111ZS02,SOM,1
CD5111ZS02,SSD,1
CD5111ZS02,SWZ,1
CD5111ZS02,TCD,1
CD5111ZS02,TGO,1
CD5111ZS02,TUN,1
CD5111ZS02,TZA,1
CD5111ZS02,UGA,1
CD5111ZS02,ZAF,1
CD5111ZS02,ZMB,1
CD5111ZS02,ZWE,1
CD5202ZS01,AGO,1
CD5202ZS01,BDI,1
CD5202ZS01,BEN,1
CD5202ZS01,BFA,1
CD5202ZS01,BWA,1
CD5202ZS01,CAF,1
CD5202ZS01,CIV,1
CD5202ZS01,CMR,1
CD5202ZS01,COG,1
CD5202ZS01,DJI,1
CD5202ZS01,DZA,1
CD5202ZS01,EGY,1
CD5202ZS01,ERI,1
CD5202ZS01,ETH,1
CD5202ZS01,GAB,1
CD5202ZS01,GHA,1
CD5202ZS01,GIN,1
CD5202ZS01,GMB,1
CD5202ZS01,GNB,1
CD5202ZS01,GNQ,1
CD5202ZS01,KEN,1
CD5202ZS01,LBR,1
CD5202ZS01,LBY,1
CD5202ZS01,LSO,1
CD5202ZS01,MAR,1
CD5202ZS01,MLI,1
CD5202ZS01,MOZ,1
CD5202ZS01,MRT,1
CD5202ZS01,MWI,1
CD5202ZS01,NAM,1
CD5202ZS01,NER,1
CD5202ZS01,NGA,1
CD5202ZS01,RWA,1
CD5202ZS01,SDN,1
CD5202ZS01,SEN,1
CD5202ZS01,SLE,1
CD5202ZS01,SOM,1
CD5202ZS01,SSD,1
CD5202ZS01,SWZ,1
CD5202ZS01,TCD,1
CD5202ZS01,TGO,1
CD5202ZS01,TUN,1
CD5202ZS01,TZA,1
CD5202ZS01,UGA,1
CD5202ZS01,ZAF,1
CD5202ZS01,ZMB,1
CD5202ZS01,ZWE,1
CD5208ZS02,AGO,1
CD5208ZS02,BDI,1
CD5208ZS02,BEN,1
CD5208ZS02,BFA,1
CD5208ZS02,BWA,1
CD5208ZS02,CAF,1
CD5208ZS02,CIV,1
CD5208ZS02,CMR,1
CD5208ZS02,COG,1
CD5208ZS02,DJI,1
CD5208ZS02,DZA,1
CD5208ZS02,EGY,1
CD5208ZS02,ERI,1
CD5208ZS02,ETH,1
CD5208ZS02,GAB,1
CD5208ZS02,GHA,1
CD5208ZS02,GIN,1
CD5208ZS02,GMB,1
CD5208ZS02,GNB,1
CD5208ZS02,GNQ,1
CD5208ZS02,KEN,1
CD5208ZS02,LBR,1
CD5208ZS02,LBY,1
CD5208ZS02,LSO,1
CD5208ZS02,MAR,1
CD5208ZS02,MLI,1
CD5208ZS02,MOZ,1
CD5208ZS02,MRT,1
CD5208ZS02,MWI,1
CD5208ZS02,NAM,1
CD5208ZS02,NER,1
CD5208ZS02,NGA,1
CD5208ZS02,RWA,1
CD5208ZS02,SDN,1
CD5208ZS02,SEN,1
CD5208ZS02,SLE,1
CD5208ZS02,SOM,1
CD5208ZS02,SSD,1
CD5208ZS02,SWZ,1
CD5208ZS02,TCD,1
CD5208ZS02,TGO,1
CD5208ZS02,TUN,1
CD5208ZS02,TZA,1
CD5208ZS02,UGA,1
CD5208ZS02,ZAF,1
CD5208ZS02,ZMB,1
CD5208ZS02,ZWE,1
CD5302ZS01,AGO,1
CD5302ZS01,BDI,1
CD5302ZS01,BEN,1
CD5302ZS01,BFA,1
CD5302ZS01,BWA,1
CD5302ZS01,CAF,1
CD5302ZS01,CIV,1
CD5302ZS01,CMR,1
CD5302ZS01,COG,1
CD5302ZS01,DJI,1
CD5302ZS01,DZA,1
CD5302ZS01,EGY,1
CD5302ZS01,ERI,1
CD5302ZS01,ETH,1
CD5302ZS01,GAB,1
CD5302ZS01,GHA,1
CD5302ZS01,GIN,1
CD5302ZS01,GMB,1
CD5302ZS01,GNB,1
CD5302ZS01,GNQ,1
CD5302ZS01,KEN,1
CD5302ZS01,LBR,1
CD5302ZS01,LBY,1
CD5302ZS01,LSO,1
CD5302ZS01,MAR,1
CD5302ZS01,MLI,1
CD5302ZS01,MOZ,1
CD5302ZS01,MRT,1
CD5302ZS01,MWI,1
CD5302ZS01,NAM,1
CD5302ZS01,NER,1
CD5302ZS01,NGA,1
CD5302ZS01,RWA,1
CD5302ZS01,SDN,1
CD5302ZS01,SEN,1
CD5302ZS01,SLE,1
CD5302ZS01,SOM,1
CD5302ZS01,SSD,1
CD5302ZS01,SWZ,1
CD5302ZS01,TCD,1
CD5302ZS01,TGO,1
CD5302ZS01,TUN,1
CD5302ZS01,TZA,1
CD5302ZS01,UGA,1
CD5302ZS01,ZAF,1
CD5302ZS01,ZMB,1
CD5302ZS01,ZWE,1
CD5302ZS02,AGO,1
CD5302ZS02,BDI,1
CD5302ZS02,BEN,1
CD5302ZS02,BFA,1
CD5302ZS02,BWA,1
CD5302ZS02,CAF,1
CD5302ZS02,CIV,1
CD5302ZS02,CMR,1
CD5302ZS02,COG,1
CD5302ZS02,DJI,1
CD5302ZS02,DZA,1
CD5302ZS02,EGY,1
CD5302ZS02,ERI,1
CD5302ZS02,ETH,1
CD5302ZS02,GAB,1
CD5302ZS02,GHA,1
CD5302ZS02,GIN,1
CD5302ZS02,GMB,1
CD5302ZS02,GNB,1
CD5302ZS02,GNQ,1
CD5302ZS02,KEN,1
CD5302ZS02,LBR,1
CD5302ZS02,LBY,1
CD5302ZS02,LSO,1
CD5302ZS02,MAR,1
CD5302ZS02,MLI,1
CD5302ZS02,MOZ,1
CD5302ZS02,MRT,1
CD5302ZS02,MWI,1
CD5302ZS02,NAM,1
CD5302ZS02,NER,1
CD5302ZS02,NGA,1
CD5302ZS02,RWA,1
CD5302ZS02,SDN,1
CD5302ZS02,SEN,1
CD5302ZS02,SLE,1
CD5302ZS02,SOM,1
CD5302ZS02,SSD,1
CD5302ZS02,SWZ,1
CD5302ZS02,TCD,1
CD5302ZS02,TGO,1
CD5302ZS02,TUN,1
CD5302ZS02,TZA,1
CD5302ZS02,UGA,1
CD5302ZS02,ZAF,1
CD5302ZS02,ZMB,1
CD5302ZS02,ZWE,1
CD5309ZS01,AGO,1
CD5309ZS01,BDI,1
CD5309ZS01,BEN,1
CD5309ZS01,BFA,1
CD5309ZS01,BWA,1
CD5309ZS01,CAF,1
CD5309ZS01,CIV,1
CD5309ZS01,CMR,1
CD5309ZS01,COG,1
CD5309ZS01,DJI,1
CD5309ZS01,DZA,1
CD5309ZS01,EGY,1
CD5309ZS01,ERI,1
CD5309ZS01,ETH,1
CD5309ZS01,GAB,1
CD5309ZS01,GHA,1
CD5309ZS01,GIN,1
CD5309ZS01,GMB,1
CD5309ZS01,GNB,1
CD5309ZS01,GNQ,1
CD5309ZS01,KEN,1
CD5309ZS01,LBR,1
CD5309ZS01,LBY,1
CD5309ZS01,LSO,1
CD5309ZS01,MAR,1
CD5309ZS01,MLI,1
CD5309ZS01,MOZ,1
CD5309ZS01,MRT,1
CD5309ZS01,MWI,1
CD5309ZS01,NAM,1
CD5309ZS01,NER,1
CD5309ZS01,NGA,1
CD5309ZS01,RWA,1
CD5309ZS01,SDN,1
CD5309ZS01,SEN,1
CD5309ZS01,SLE,1
CD5309ZS01,SOM,1
CD5309ZS01,SSD,1
CD5309ZS01,SWZ,1
CD5309ZS01,TCD,1
CD5309ZS01,TGO,1
CD5309ZS01,TUN,1
CD5309ZS01,TZA,1
CD5309ZS01,UGA,1
CD5309ZS01,ZAF,1
CD5309ZS01,ZMB,1
CD5309ZS01,ZWE,1
CD5311ZS01,AGO,1
CD5311ZS01,BDI,1
CD5311ZS01,BEN,1
CD5311ZS01,BFA,1
CD5311ZS01,BWA,1
CD5311ZS01,CAF,1
CD5311ZS01,CIV,1
CD5311ZS01,CMR,1
CD5311ZS01,COG,1
CD5311ZS01,DJI,1
CD5311ZS01,DZA,1
CD5311ZS01,EGY,1
CD5311ZS01,ERI,1
CD5311ZS01,ETH,1
CD5311ZS01,GAB,1
CD5311ZS01,GHA,1
CD5311ZS01,GIN,1
CD5311ZS01,GMB,1
CD5311ZS01,GNB,1
CD5311ZS01,GNQ,1
CD5311ZS01,KEN,1
CD5311ZS01,LBR,1
CD5311ZS01,LBY,1
CD5311ZS01,LSO,1
CD5311ZS01,MAR,1
CD5311ZS01,MLI,1
CD5311ZS01,MOZ,1
CD5311ZS01,MRT,1
CD5311ZS01,MWI,1
CD5311ZS01,NAM,1
CD5311ZS01,NER,1
CD5311ZS01,NGA,1
CD5311ZS01,RWA,1
CD5311ZS01,SDN,1
CD5311ZS01,SEN,1
CD5311ZS01,SLE,1
CD5311ZS01,SOM,1
CD5311ZS01,SSD,1
CD5311ZS01,SWZ,1
CD5311ZS01,TCD,1
CD5311ZS01,TGO,1
CD5311ZS01,TUN,1
CD5311ZS01,TZA,1
CD5311ZS01,UGA,1
CD5311ZS01,ZAF,1
CD5311ZS01,ZMB,1
CD5311ZS01,ZWE,1
CD5311ZS02,AGO,1
CD5311ZS02,BDI,1
CD5311ZS02,BEN,1
CD5311ZS02,BFA,1
CD5311ZS02,BWA,1
CD5311ZS02,CAF,1
CD5311ZS02,CIV,1
CD5311ZS02,CMR,1
CD5311ZS02,COG,1
CD5311ZS02,DJI,1
CD5311ZS02,DZA,1
CD5311ZS02,EGY,1
CD5311ZS02,ERI,1
CD5311ZS02,ETH,1
CD5311ZS02,GAB,1
CD5311ZS02,GHA,1
CD5311ZS02,GIN,1
CD5311ZS02,GMB,1
CD5311ZS02,GNB,1
CD5311ZS02,GNQ,1
CD5311ZS02,KEN,1
CD5311ZS02,LBR,1
CD5311ZS02,LBY,1
CD5311ZS02,LSO,1
CD5311ZS02,MAR,1
CD5311ZS02,MLI,1
CD5311ZS02,MOZ,1
CD5311ZS02,MRT,1
CD5311ZS02,MWI,1
CD5311ZS02,NAM,1
CD5311ZS02,NER,1
CD5311ZS02,NGA,1
CD5311ZS02,RWA,1
CD5311ZS02,SDN,1
CD5311ZS02,SEN,1
CD5311ZS02,SLE,1
CD5311ZS02,SOM,1
CD5311ZS02,SSD,1
CD5311ZS02,SWZ,1
CD5311ZS02,TCD,1
CD5311ZS02,TGO,1
CD5311ZS02,TUN,1
CD5311ZS02,TZA,1
CD5311ZS02,UGA,1
CD5311ZS02,ZAF,1
CD5311ZS02,ZMB,1
CD5311ZS02,ZWE,1
CD5311ZS03,AGO,1
CD5311ZS03,BDI,1
CD5311ZS03,BEN,1
CD5311ZS03,BFA,1
CD5311ZS03,BWA,1
CD5311ZS03,CAF,1
CD5311ZS03,CIV,1
CD5311ZS03,CMR,1
CD5311ZS03,COG,1
CD5311ZS03,DJI,1
CD5311ZS03,DZA,1
CD5311ZS03,EGY,1
CD5311ZS03,ERI,1
CD5311ZS03,ETH,1
CD5311ZS03,GAB,1
CD5311ZS03,GHA,1
CD5311ZS03,GIN,1
CD5311ZS03,GMB,1
CD5311ZS03,GNB,1
CD5311ZS03,GNQ,1
CD5311ZS03,KEN,1
CD5311ZS03,LBR,1
CD5311ZS03,LBY,1
CD5311ZS03,LSO,1
CD5311ZS03,MAR,1
CD5311ZS03,MLI,1
CD5311ZS03,MOZ,1
CD5311ZS03,MRT,1
CD5311ZS03,MWI,1
CD5311ZS03,NAM,1
CD5311ZS03,NER,1
CD5311ZS03,NGA,1
CD5311ZS03,RWA,1
CD5311ZS03,SDN,1
CD5311ZS03,SEN,1
CD5311ZS03,SLE,1
CD5311ZS03,SOM,1
CD5311ZS03,SSD,1
CD5311ZS03,SWZ,1
CD5311ZS03,TCD,1
CD5311ZS03,TGO,1
CD5311ZS03,TUN,1
CD5311ZS03,TZA,1
CD5311ZS03,UGA,1
CD5311ZS03,ZAF,1
CD5311ZS03,ZMB,1
CD5311ZS03,ZWE,1
CD5402ZS01,AGO,1
CD5402ZS01,BDI,1
CD5402ZS01,BEN,1
CD5402ZS01,BFA,1
CD5402ZS01,BWA,1
CD5402ZS01,CAF,1
CD5402ZS01,CIV,1
CD5402ZS01,CMR,1
CD5402ZS01,COG,1
CD5402ZS01,DJI,1
CD5402ZS01,DZA,1
CD5402ZS01,EGY,1
CD5402ZS01,ERI,1
CD5402ZS01,ETH,1
CD5402ZS01,GAB,1
CD5402ZS01,GHA,1
CD5402ZS01,GIN,1
CD5402ZS01,GMB,1
CD5402ZS01,GNB,1
CD5402ZS01,GNQ,1
CD5402ZS01,KEN,1
CD5402ZS01,LBR,1
CD5402ZS01,LBY,1
CD5402ZS01,LSO,1
CD5402ZS01,MAR,1
CD5402ZS01,MLI,1
CD5402ZS01,MOZ,1
CD5402ZS01,MRT,1
CD5402ZS01,MWI,1
CD5402ZS01,NAM,1
CD5402ZS01,NER,1
CD5402ZS01,NGA,1
CD5402ZS01,RWA,1
CD5402ZS01,SDN,1
CD5402ZS01,SEN,1
CD5402ZS01,SLE,1
CD5402ZS01,SOM,1
CD5402ZS01,SSD,1
CD5402ZS01,SWZ,1
CD5402ZS01,TCD,1
CD5402ZS01,TGO,1
CD5402ZS01,TUN,1
CD5402ZS01,TZA,1
CD5402ZS01,UGA,1
CD5402ZS01,ZAF,1
CD5402ZS01,ZMB,1
CD5402ZS01,ZWE,1
CD5402ZS02,AGO,1
CD5402ZS02,BDI,1
CD5402ZS02,BEN,1
CD5402ZS02,BFA,1
CD5402ZS02,BWA,1
CD5402ZS02,CAF,1
CD5402ZS02,CIV,1
CD5402ZS02,CMR,1
CD5402ZS02,COG,1
CD5402ZS02,DJI,1
CD5402ZS02,DZA,1
CD5402ZS02,EGY,1
CD5402ZS02,ERI,1
CD5402ZS02,ETH,1
CD5402ZS02,GAB,1
CD5402ZS02,GHA,1
CD5402ZS02,GIN,1
CD5402ZS02,GMB,1
CD5402ZS02,GNB,1
CD5402ZS02,GNQ,1
CD5402ZS02,KEN,1
CD5402ZS02,LBR,1
CD5402ZS02,LBY,1
CD5402ZS02,LSO,1
CD5402ZS02,MAR,1
CD5402ZS02,MLI,1
CD5402ZS02,MOZ,1
CD5402ZS02,MRT,1
CD5402ZS02,MWI,1
CD5402ZS02,NAM,1
CD5402ZS02,NER,1
CD5402ZS02,NGA,1
CD5402ZS02,RWA,1
CD5402ZS02,SDN,1
CD5402ZS02,SEN,1
CD5402ZS02,SLE,1
CD5402ZS02,SOM,1
CD5402ZS02,SSD,1
CD5402ZS02,SWZ,1
CD5402ZS02,TCD,1
CD5402ZS02,TGO,1
CD5402ZS02,TUN,1
CD5402ZS02,TZA,1
CD5402ZS02,UGA,1
CD5402ZS02,ZAF,1
CD5402ZS02,ZMB,1
CD5402ZS02,ZWE,1
CD5402ZS03,AGO,1
CD5402ZS03,BDI,1
CD5402ZS03,BEN,1
CD5402ZS03,BFA,1
CD5402ZS03,BWA,1
CD5402ZS03,CAF,1
CD5402ZS03,CIV,1
CD5402ZS03,CMR,1
CD5402ZS03,COG,1
CD5402ZS03,DJI,1
CD5402ZS03,DZA,1
CD5402ZS03,EGY,1
CD5402ZS03,ERI,1
CD5402ZS03,ETH,1
CD5402ZS03,GAB,1
CD5402ZS03,GHA,1
CD5402ZS03,GIN,1
CD5402ZS03,GMB,1
CD5402ZS03,GNB,1
CD5402ZS03,GNQ,1
CD5402ZS03,KEN,1
CD5402ZS03,LBR,1
CD5402ZS03,LBY,1
CD5402ZS03,LSO,1
CD5402ZS03,MAR,1
CD5402ZS03,MLI,1
CD5402ZS03,MOZ,1
CD5402ZS03,MRT,1
CD5402ZS03,MWI,1
CD5402ZS03,NAM,1
CD5402ZS03,NER,1
CD5402ZS03,NGA,1
CD5402ZS03,RWA,1
CD5402ZS03,SDN,1
CD5402ZS03,SEN,1
CD5402ZS03,SLE,1
CD5402ZS03,SOM,1
CD5402ZS03,SSD,1
CD5402ZS03,SWZ,1
CD5402ZS03,TCD,1
CD5402ZS03,TGO,1
CD5402ZS03,TUN,1
CD5402ZS03,TZA,1
CD5402ZS03,UGA,1
CD5402ZS03,ZAF,1
CD5402ZS03,ZMB,1
CD5402ZS03,ZWE,1
CD5402ZS04,AGO,1
CD5402ZS04,BDI,1
CD5402ZS04,BEN,1
CD5402ZS04,BFA,1
CD5402ZS04,BWA,1
CD5402ZS04,CAF,1
CD5402ZS04,CIV,1
CD5402ZS04,CMR,1
CD5402ZS04,COG,1
CD5402ZS04,DJI,1
CD5402ZS04,DZA,1
CD5402ZS04,EGY,1
CD5402ZS04,ERI,1
CD5402ZS04,ETH,1
CD5402ZS04,GAB,1
CD5402ZS04,GHA,1
CD5402ZS04,GIN,1
CD5402ZS04,GMB,1
CD5402ZS04,GNB,1
CD5402ZS04,GNQ,1
CD5402ZS04,KEN,1
CD5402ZS04,LBR,1
CD5402ZS04,LBY,1
CD5402ZS04,LSO,1
CD5402ZS04,MAR,1
CD5402ZS04,MLI,1
CD5402ZS04,MOZ,1
CD5402ZS04,MRT,1
CD5402ZS04,MWI,1
CD5402ZS04,NAM,1
CD5402ZS04,NER,1
CD5402ZS04,NGA,1
CD5402ZS04,RWA,1
CD5402ZS04,SDN,1
CD5402ZS04,SEN,1
CD5402ZS04,SLE,1
CD5402ZS04,SOM,1
CD5402ZS04,SSD,1
CD5402ZS04,SWZ,1
CD5402ZS04,TCD,1
CD5402ZS04,TGO,1
CD5402ZS04,TUN,1
CD5402ZS04,TZA,1
CD5402ZS04,UGA,1
CD5402ZS04,ZAF,1
CD5402ZS04,ZMB,1
CD5402ZS04,ZWE,1
CD5402ZS05,AGO,1
CD5402ZS05,BDI,1
CD5402ZS05,BEN,1
CD5402ZS05,BFA,1
CD5402ZS05,BWA,1
CD5402ZS05,CAF,1
CD5402ZS05,CIV,1
CD5402ZS05,CMR,1
CD5402ZS05,COG,1
CD5402ZS05,DJI,1
CD5402ZS05,DZA,1
CD5402ZS05,EGY,1
CD5402ZS05,ERI,1
CD5402ZS05,ETH,1
CD5402ZS05,GAB,1
CD5402ZS05,GHA,1
CD5402ZS05,GIN,1
CD5402ZS05,GMB,1
CD5402ZS05,GNB,1
CD5402ZS05,GNQ,1
CD5402ZS05,KEN,1
CD5402ZS05,LBR,1
CD5402ZS05,LBY,1
CD5402ZS05,LSO,1
CD5402ZS05,MAR,1
CD5402ZS05,MLI,1
CD5402ZS05,MOZ,1
CD5402ZS05,MRT,1
CD5402ZS05,MWI,1
CD5402ZS05,NAM,1
CD5402ZS05,NER,1
CD5402ZS05,NGA,1
CD5402ZS05,RWA,1
CD5402ZS05,SDN,1
CD5402ZS05,SEN,1
CD5402ZS05,SLE,1
CD5402ZS05,SOM,1
CD5402ZS05,SSD,1
CD5402ZS05,SWZ,1
CD5402ZS05,TCD,1
CD5402ZS05,TGO,1
CD5402ZS05,TUN,1
CD5402ZS05,TZA,1
CD5402ZS05,UGA,1
CD5402ZS05,ZAF,1
CD5402ZS05,ZMB,1
CD5402ZS05,ZWE,1
CD5402ZS06,AGO,1
CD5402ZS06,BDI,1
CD5402ZS06,BEN,1
CD5402ZS06,BFA,1
CD5402ZS06,BWA,1
CD5402ZS06,CAF,1
CD5402ZS06,CIV,1
CD5402ZS06,CMR,1
CD5402ZS06,COG,1
CD5402ZS06,DJI,1
CD5402ZS06,DZA,1
CD5402ZS06,EGY,1
CD5402ZS06,ERI,1
CD5402ZS06,ETH,1
CD5402ZS06,GAB,1
CD5402ZS06,GHA,1
CD5402ZS06,GIN,1
CD5402ZS06,GMB,1
CD5402ZS06,GNB,1
CD5402ZS06,GNQ,1
CD5402ZS06,KEN,1
CD5402ZS06,LBR,1
CD5402ZS06,LBY,1
CD5402ZS06,LSO,1
CD5402ZS06,MAR,1
CD5402ZS06,MLI,1
CD5402ZS06,MOZ,1
CD5402ZS06,MRT,1
CD5402ZS06,MWI,1
CD5402ZS06,NAM,1
CD5402ZS06,NER,1
CD5402ZS06,NGA,1
CD5402ZS06,RWA,1
CD5402ZS06,SDN,1
CD5402ZS06,SEN,1
CD5402ZS06,SLE,1
CD5402ZS06,SOM,1
CD5402ZS06,SSD,1
CD5402ZS06,SWZ,1
CD5402ZS06,TCD,1
CD5402ZS06,TGO,1
CD5402ZS06,TUN,1
CD5402ZS06,TZA,1
CD5402ZS06,UGA,1
CD5402ZS06,ZAF,1
CD5402ZS06,ZMB,1
CD5402ZS06,ZWE,1
CD5403ZS01,AGO,1
CD5403ZS01,BDI,1
CD5403ZS01,BEN,1
CD5403ZS01,BFA,1
CD5403ZS01,BWA,1
CD5403ZS01,CAF,1
CD5403ZS01,CIV,1
CD5403ZS01,CMR,1
CD5403ZS01,COG,1
CD5403ZS01,DJI,1
CD5403ZS01,DZA,1
CD5403ZS01,EGY,1
CD5403ZS01,ERI,1
CD5403ZS01,ETH,1
CD5403ZS01,GAB,1
CD5403ZS01,GHA,1
CD5403ZS01,GIN,1
CD5403ZS01,GMB,1
CD5403ZS01,GNB,1
CD5403ZS01,GNQ,1
CD5403ZS01,KEN,1
CD5403ZS01,LBR,1
CD5403ZS01,LBY,1
CD5403ZS01,LSO,1
CD5403ZS01,MAR,1
CD5403ZS01,MLI,1
CD5403ZS01,MOZ,1
CD5403ZS01,MRT,1
CD5403ZS01,MWI,1
CD5403ZS01,NAM,1
CD5403ZS01,NER,1
CD5403ZS01,NGA,1
CD5403ZS01,RWA,1
CD5403ZS01,SDN,1
CD5403ZS01,SEN,1
CD5403ZS01,SLE,1
CD5403ZS01,SOM,1
CD5403ZS01,SSD,1
CD5403ZS01,SWZ,1
CD5403ZS01,TCD,1
CD5403ZS01,TGO,1
CD5403ZS01,TUN,1
CD5403ZS01,TZA,1
CD5403ZS01,UGA,1
CD5403ZS01,ZAF,1
CD5403ZS01,ZMB,1
CD5403ZS01,ZWE,1
CD5403ZS02,AGO,1
CD5403ZS02,BDI,1
CD5403ZS02,BEN,1
CD5403ZS02,BFA,1
CD5403ZS02,BWA,1
CD5403ZS02,CAF,1
CD5403ZS02,CIV,1
CD5403ZS02,CMR,1
CD5403ZS02,COG,1
CD5403ZS02,DJI,1
CD5403ZS02,DZA,1
CD5403ZS02,EGY,1
CD5403ZS02,ERI,1
CD5403ZS02,ETH,1
CD5403ZS02,GAB,1
CD5403ZS02,GHA,1
CD5403ZS02,GIN,1
CD5403ZS02,GMB,1
CD5403ZS02,GNB,1
CD5403ZS02,GNQ,1
CD5403ZS02,KEN,1
CD5403ZS02,LBR,1
CD5403ZS02,LBY,1
CD5403ZS02,LSO,1
CD5403ZS02,MAR,1
CD5403ZS02,MLI,1
CD5403ZS02,MOZ,1
CD5403ZS02,MRT,1
CD5403ZS02,MWI,1
CD5403ZS02,NAM,1
CD5403ZS02,NER,1
CD5403ZS02,NGA,1
CD5403ZS02,RWA,1
CD5403ZS02,SDN,1
CD5403ZS02,SEN,1
CD5403ZS02,SLE,1
CD5403ZS02,SOM,1
CD5403ZS02,SSD,1
CD5403ZS02,SWZ,1
CD5403ZS02,TCD,1
CD5403ZS02,TGO,1
CD5403ZS02,TUN,1
CD5403ZS02,TZA,1
CD5403ZS02,UGA,1
CD5403ZS02,ZAF,1
CD5403ZS02,ZMB,1
CD5403ZS02,ZWE,1
CD5403ZS03,AGO,1
CD5403ZS03,BDI,1
CD5403ZS03,BEN,1
CD5403ZS03,BFA,1
CD5403ZS03,BWA,1
CD5403ZS03,CAF,1
CD5403ZS03,CIV,1
CD5403ZS03,CMR,1
CD5403ZS03,COG,1
CD5403ZS03,DJI,1
CD5403ZS03,DZA,1
CD5403ZS03,EGY,1
CD5403ZS03,ERI,1
CD5403ZS03,ETH,1
CD5403ZS03,GAB,1
CD5403ZS03,GHA,1
CD5403ZS03,GIN,1
CD5403ZS03,GMB,1
CD5403ZS03,GNB,1
CD5403ZS03,GNQ,1
CD5403ZS03,KEN,1
CD5403ZS03,LBR,1
CD5403ZS03,LBY,1
CD5403ZS03,LSO,1
CD5403ZS03,MAR,1
CD5403ZS03,MLI,1
CD5403ZS03,MOZ,1
CD5403ZS03,MRT,1
CD5403ZS03,MWI,1
CD5403ZS03,NAM,1
CD5403ZS03,NER,1
CD5403ZS03,NGA,1
CD5403ZS03,RWA,1
CD5403ZS03,SDN,1
CD5403ZS03,SEN,1
CD5403ZS03,SLE,1
CD5403ZS03,SOM,1
CD5403ZS03,SSD,1
CD5403ZS03,SWZ,1
CD5403ZS03,TCD,1
CD5403ZS03,TGO,1
CD5403ZS03,TUN,1
CD5403ZS03,TZA,1
CD5403ZS03,UGA,1
CD5403ZS03,ZAF,1
CD5403ZS03,ZMB,1
CD5403ZS03,ZWE,1
CD5403ZS04,AGO,1
CD5403ZS04,BDI,1
CD5403ZS04,BEN,1
CD5403ZS04,BFA,1
CD5403ZS04,BWA,1
CD5403ZS04,CAF,1
CD5403ZS04,CIV,1
CD5403ZS04,CMR,1
CD5403ZS04,COG,1
CD5403ZS04,DJI,1
CD5403ZS04,DZA,1
CD5403ZS04,EGY,1
CD5403ZS04,ERI,1
CD5403ZS04,ETH,1
CD5403ZS04,GAB,1
CD5403ZS04,GHA,1
CD5403ZS04,GIN,1
CD5403ZS04,GMB,1
CD5403ZS04,GNB,1
CD5403ZS04,GNQ,1
CD5403ZS04,KEN,1
CD5403ZS04,LBR,1
CD5403ZS04,LBY,1
CD5403ZS04,LSO,1
CD5403ZS04,MAR,1
CD5403ZS04,MLI,1
CD5403ZS04,MOZ,1
CD5403ZS04,MRT,1
CD5403ZS04,MWI,1
CD5403ZS04,NAM,1
CD5403ZS04,NER,1
CD5403ZS04,NGA,1
CD5403ZS04,RWA,1
CD5403ZS04,SDN,1
CD5403ZS04,SEN,1
CD5403ZS04,SLE,1
CD5403ZS04,SOM,1
CD5403ZS04,SSD,1
CD5403ZS04,SWZ,1
CD5403ZS04,TCD,1
CD5403ZS04,TGO,1
CD5403ZS04,TUN,1
CD5403ZS04,TZA,1
CD5403ZS04,UGA,1
CD5403ZS04,ZAF,1
CD5403ZS04,ZMB,1
CD5403ZS04,ZWE,1
CD5405ZS01,AGO,1
CD5405ZS01,BDI,1
CD5405ZS01,BEN,1
CD5405ZS01,BFA,1
CD5405ZS01,BWA,1
CD5405ZS01,CAF,1
CD5405ZS01,CIV,1
CD5405ZS01,CMR,1
CD5405ZS01,COG,1
CD5405ZS01,DJI,1
CD5405ZS01,DZA,1
CD5405ZS01,EGY,1
CD5405ZS01,ERI,1
CD5405ZS01,ETH,1
CD5405ZS01,GAB,1
CD5405ZS01,GHA,1
CD5405ZS01,GIN,1
CD5405ZS01,GMB,1
CD5405ZS01,GNB,1
CD5405ZS01,GNQ,1
CD5405ZS01,KEN,1
CD5405ZS01,LBR,1
CD5405ZS01,LBY,1
CD5405ZS01,LSO,1
CD5405ZS01,MAR,1
CD5405ZS01,MLI,1
CD5405ZS01,MOZ,1
CD5405ZS01,MRT,1
CD5405ZS01,MWI,1
CD5405ZS01,NAM,1
CD5405ZS01,NER,1
CD5405ZS01,NGA,1
CD5405ZS01,RWA,1
CD5405ZS01,SDN,1
CD5405ZS01,SEN,1
CD5405ZS01,SLE,1
CD5405ZS01,SOM,1
CD5405ZS01,SSD,1
CD5405ZS01,SWZ,1
CD5405ZS01,TCD,1
CD5405ZS01,TGO,1
CD5405ZS01,TUN,1
CD5405ZS01,TZA,1
CD5405ZS01,UGA,1
CD5405ZS01,ZAF,1
CD5405ZS01,ZMB,1
CD5405ZS01,ZWE,1
CD5405ZS02,AGO,1
CD5405ZS02,BDI,1
CD5405ZS02,BEN,1
CD5405ZS02,BFA,1
CD5405ZS02,BWA,1
CD5405ZS02,CAF,1
CD5405ZS02,CIV,1
CD5405ZS02,CMR,1
CD5405ZS02,COG,1
CD5405ZS02,DJI,1
CD5405ZS02,DZA,1
CD5405ZS02,EGY,1
CD5405ZS02,ERI,1
CD5405ZS02,ETH,1
CD5405ZS02,GAB,1
CD5405ZS02,GHA,1
CD5405ZS02,GIN,1
CD5405ZS02,GMB,1
CD5405ZS02,GNB,1
CD5405ZS02,GNQ,1
CD5405ZS02,KEN,1
CD5405ZS02,LBR,1
CD5405ZS02,LBY,1
CD5405ZS02,LSO,1
CD5405ZS02,MAR,1
CD5405ZS02,MLI,1
CD5405ZS02,MOZ,1
CD5405ZS02,MRT,1
CD5405ZS02,MWI,1
CD5405ZS02,NAM,1
CD5405ZS02,NER,1
CD5405ZS02,NGA,1
CD5405ZS02,RWA,1
CD5405ZS02,SDN,1
CD5405ZS02,SEN,1
CD5405ZS02,SLE,1
CD5405ZS02,SOM,1
CD5405ZS02,SSD,1
CD5405ZS02,SWZ,1
CD5405ZS02,TCD,1
CD5405ZS02,TGO,1
CD5405ZS02,TUN,1
CD5405ZS02,TZA,1
CD5405ZS02,UGA,1
CD5405ZS02,ZAF,1
CD5405ZS02,ZMB,1
CD5405ZS02,ZWE,1
CD5405ZS03,AGO,1
CD5405ZS03,BDI,1
CD5405ZS03,BEN,1
CD5405ZS03,BFA,1
CD5405ZS03,BWA,1
CD5405ZS03,CAF,1
CD5405ZS03,CIV,1
CD5405ZS03,CMR,1
CD5405ZS03,COG,1
CD5405ZS03,DJI,1
CD5405ZS03,DZA,1
CD5405ZS03,EGY,1
CD5405ZS03,ERI,1
CD5405ZS03,ETH,1
CD5405ZS03,GAB,1
CD5405ZS03,GHA,1
CD5405ZS03,GIN,1
CD5405ZS03,GMB,1
CD5405ZS03,GNB,1
CD5405ZS03,GNQ,1
CD5405ZS03,KEN,1
CD5405ZS03,LBR,1
CD5405ZS03,LBY,1
CD5405ZS03,LSO,1
CD5405ZS03,MAR,1
CD5405ZS03,MLI,1
CD5405ZS03,MOZ,1
CD5405ZS03,MRT,1
CD5405ZS03,MWI,1
CD5405ZS03,NAM,1
CD5405ZS03,NER,1
CD5405ZS03,NGA,1
CD5405ZS03,RWA,1
CD5405ZS03,SDN,1
CD5405ZS03,SEN,1
CD5405ZS03,SLE,1
CD5405ZS03,SOM,1
CD5405ZS03,SSD,1
CD5405ZS03,SWZ,1
CD5405ZS03,TCD,1
CD5405ZS03,TGO,1
CD5405ZS03,TUN,1
CD5405ZS03,TZA,1
CD5405ZS03,UGA,1
CD5405ZS03,ZAF,1
CD5405ZS03,ZMB,1
CD5405ZS03,ZWE,1
CD5405ZS04,AGO,1
CD5405ZS04,BDI,1
CD5405ZS04,BEN,1
CD5405ZS04,BFA,1
CD5405ZS04,BWA,1
CD5405ZS04,CAF,1
CD5405ZS04,CIV,1
CD5405ZS04,CMR,1
CD5405ZS04,COG,1
CD5405ZS04,DJI,1
CD5405ZS04,DZA,1
CD5405ZS04,EGY,1
CD5405ZS04,ERI,1
CD5405ZS04,ETH,1
CD5405ZS04,GAB,1
CD5405ZS04,GHA,1
CD5405ZS04,GIN,1
CD5405ZS04,GMB,1
CD5405ZS04,GNB,1
CD5405ZS04,GNQ,1
CD5405ZS04,KEN,1
CD5405ZS04,LBR,1
CD5405ZS04,LBY,1
CD5405ZS04,LSO,1
CD5405ZS04,MAR,1
CD5405ZS04,MLI,1
CD5405ZS04,MOZ,1
CD5405ZS04,MRT,1
CD5405ZS04,MWI,1
CD5405ZS04,NAM,1
CD5405ZS04,NER,1
CD5405ZS04,NGA,1
CD5405ZS04,RWA,1
CD5405ZS04,SDN,1
CD5405ZS04,SEN,1
CD5405ZS04,SLE,1
CD5405ZS04,SOM,1
CD5405ZS04,SSD,1
CD5405ZS04,SWZ,1
CD5405ZS04,TCD,1
CD5405ZS04,TGO,1
CD5405ZS04,TUN,1
CD5405ZS04,TZA,1
CD5405ZS04,UGA,1
CD5405ZS04,ZAF,1
CD5405ZS04,ZMB,1
CD5405ZS04,ZWE,1
CD5405ZS06,AGO,1
CD5405ZS06,BDI,1
CD5405ZS06,BEN,1
CD5405ZS06,BFA,1
CD5405ZS06,BWA,1
CD5405ZS06,CAF,1
CD5405ZS06,CIV,1
CD5405ZS06,CMR,1
CD5405ZS06,COG,1
CD5405ZS06,DJI,1
CD5405ZS06,DZA,1
CD5405ZS06,EGY,1
CD5405ZS06,ERI,1
CD5405ZS06,ETH,1
CD5405ZS06,GAB,1
CD5405ZS06,GHA,1
CD5405ZS06,GIN,1
CD5405ZS06,GMB,1
CD5405ZS06,GNB,1
CD5405ZS06,GNQ,1
CD5405ZS06,KEN,1
CD5405ZS06,LBR,1
CD5405ZS06,LBY,1
CD5405ZS06,LSO,1
CD5405ZS06,MAR,1
CD5405ZS06,MLI,1
CD5405ZS06,MOZ,1
CD5405ZS06,MRT,1
CD5405ZS06,MWI,1
CD5405ZS06,NAM,1
CD5405ZS06,NER,1
CD5405ZS06,NGA,1
CD5405ZS06,RWA,1
CD5405ZS06,SDN,1
CD5405ZS06,SEN,1
CD5405ZS06,SLE,1
CD5405ZS06,SOM,1
CD5405ZS06,SSD,1
CD5405ZS06,SWZ,1
CD5405ZS06,TCD,1
CD5405ZS06,TGO,1
CD5405ZS06,TUN,1
CD5405ZS06,TZA,1
CD5405ZS06,UGA,1
CD5405ZS06,ZAF,1
CD5405ZS06,ZMB,1
CD5405ZS06,ZWE,1
CD5405ZS08,AGO,1
CD5405ZS08,BDI,1
CD5405ZS08,BEN,1
CD5405ZS08,BFA,1
CD5405ZS08,BWA,1
CD5405ZS08,CAF,1
CD5405ZS08,CIV,1
CD5405ZS08,CMR,1
CD5405ZS08,COG,1
CD5405ZS08,DJI,1
CD5405ZS08,DZA,1
CD5405ZS08,EGY,1
CD5405ZS08,ERI,1
CD5405ZS08,ETH,1
CD5405ZS08,GAB,1
CD5405ZS08,GHA,1
CD5405ZS08,GIN,1
CD5405ZS08,GMB,1
CD5405ZS08,GNB,1
CD5405ZS08,GNQ,1
CD5405ZS08,KEN,1
CD5405ZS08,LBR,1
CD5405ZS08,LBY,1
CD5405ZS08,LSO,1
CD5405ZS08,MAR,1
CD5405ZS08,MLI,1
CD5405ZS08,MOZ,1
CD5405ZS08,MRT,1
CD5405ZS08,MWI,1
CD5405ZS08,NAM,1
CD5405ZS08,NER,1
CD5405ZS08,NGA,1
CD5405ZS08,RWA,1
CD5405ZS08,SDN,1
CD5405ZS08,SEN,1
CD5405ZS08,SLE,1
CD5405ZS08,SOM,1
CD5405ZS08,SSD,1
CD5405ZS08,SWZ,1
CD5405ZS08,TCD,1
CD5405ZS08,TGO,1
CD5405ZS08,TUN,1
CD5405ZS08,TZA,1
CD5405ZS08,UGA,1
CD5405ZS08,ZAF,1
CD5405ZS08,ZMB,1
CD5405ZS08,ZWE,1
CD5405ZS09,AGO,1
CD5405ZS09,BDI,1
CD5405ZS09,BEN,1
CD5405ZS09,BFA,1
CD5405ZS09,BWA,1
CD5405ZS09,CAF,1
CD5405ZS09,CIV,1
CD5405ZS09,CMR,1
CD5405ZS09,COG,1
CD5405ZS09,DJI,1
CD5405ZS09,DZA,1
CD5405ZS09,EGY,1
CD5405ZS09,ERI,1
CD5405ZS09,ETH,1
CD5405ZS09,GAB,1
CD5405ZS09,GHA,1
CD5405ZS09,GIN,1
CD5405ZS09,GMB,1
CD5405ZS09,GNB,1
CD5405ZS09,GNQ,1
CD5405ZS09,KEN,1
CD5405ZS09,LBR,1
CD5405ZS09,LBY,1
CD5405ZS09,LSO,1
CD5405ZS09,MAR,1
CD5405ZS09,MLI,1
CD5405ZS09,MOZ,1
CD5405ZS09,MRT,1
CD5405ZS09,MWI,1
CD5405ZS09,NAM,1
CD5405ZS09,NER,1
CD5405ZS09,NGA,1
CD5405ZS09,RWA,1
CD5405ZS09,SDN,1
CD5405ZS09,SEN,1
CD5405ZS09,SLE,1
CD5405ZS09,SOM,1
CD5405ZS09,SSD,1
CD5405ZS09,SWZ,1
CD5405ZS09,TCD,1
CD5405ZS09,TGO,1
CD5405ZS09,TUN,1
CD5405ZS09,TZA,1
CD5405ZS09,UGA,1
CD5405ZS09,ZAF,1
CD5405ZS09,ZMB,1
CD5405ZS09,ZWE,1
CD5405ZS10,AGO,1
CD5405ZS10,BDI,1
CD5405ZS10,BEN,1
CD5405ZS10,BFA,1
CD5405ZS10,BWA,1
CD5405ZS10,CAF,1
CD5405ZS10,CIV,1
CD5405ZS10,CMR,1
CD5405ZS10,COG,1
CD5405ZS10,DJI,1
CD5405ZS10,DZA,1
CD5405ZS10,EGY,1
CD5405ZS10,ERI,1
CD5405ZS10,ETH,1
CD5405ZS10,GAB,1
CD5405ZS10,GHA,1
CD5405ZS10,GIN,1
CD5405ZS10,GMB,1
CD5405ZS10,GNB,1
CD5405ZS10,GNQ,1
CD5405ZS10,KEN,1
CD5405ZS10,LBR,1
CD5405ZS10,LBY,1
CD5405ZS10,LSO,1
CD5405ZS10,MAR,1
CD5405ZS10,MLI,1
CD5405ZS10,MOZ,1
CD5405ZS10,MRT,1
CD5405ZS10,MWI,1
CD5405ZS10,NAM,1
CD5405ZS10,NER,1
CD5405ZS10,NGA,1
CD5405ZS10,RWA,1
CD5405ZS10,SDN,1
CD5405ZS10,SEN,1
CD5405ZS10,SLE,1
CD5405ZS10,SOM,1
CD5405ZS10,SSD,1
CD5405ZS10,SWZ,1
CD5405ZS10,TCD,1
CD5405ZS10,TGO,1
CD5405ZS10,TUN,1
CD5405ZS10,TZA,1
CD5405ZS10,UGA,1
CD5405ZS10,ZAF,1
CD5405ZS10,ZMB,1
CD5405ZS10,ZWE,1
CD5405ZS11,AGO,1
CD5405ZS11,BDI,1
CD5405ZS11,BEN,1
CD5405ZS11,BFA,1
CD5405ZS11,BWA,1
CD5405ZS11,CAF,1
CD5405ZS11,CIV,1
CD5405ZS11,CMR,1
CD5405ZS11,COG,1
CD5405ZS11,DJI,1
CD5405ZS11,DZA,1
CD5405ZS11,EGY,1
CD5405ZS11,ERI,1
CD5405ZS11,ETH,1
CD5405ZS11,GAB,1
CD5405ZS11,GHA,1
CD5405ZS11,GIN,1
CD5405ZS11,GMB,1
CD5405ZS11,GNB,1
CD5405ZS11,GNQ,1
CD5405ZS11,KEN,1
CD5405ZS11,LBR,1
CD5405ZS11,LBY,1
CD5405ZS11,LSO,1
CD5405ZS11,MAR,1
CD5405ZS11,MLI,1
CD5405ZS11,MOZ,1
CD5405ZS11,MRT,1
CD5405ZS11,MWI,1
CD5405ZS11,NAM,1
CD5405ZS11,NER,1
CD5405ZS11,NGA,1
CD5405ZS11,RWA,1
CD5405ZS11,SDN,1
CD5405ZS11,SEN,1
CD5405ZS11,SLE,1
CD5405ZS11,SOM,1
CD5405ZS11,SSD,1
CD5405ZS11,SWZ,1
CD5405ZS11,TCD,1
CD5405ZS11,TGO,1
CD5405ZS11,TUN,1
CD5405ZS11,TZA,1
CD5405ZS11,UGA,1
CD5405ZS11,ZAF,1
CD5405ZS11,ZMB,1
CD5405ZS11,ZWE,1
CD5405ZS13,AGO,1
CD5405ZS13,BDI,1
CD5405ZS13,BEN,1
CD5405ZS13,BFA,1
CD5405ZS13,BWA,1
CD5405ZS13,CAF,1
CD5405ZS13,CIV,1
CD5405ZS13,CMR,1
CD5405ZS13,COG,1
CD5405ZS13,DJI,1
CD5405ZS13,DZA,1
CD5405ZS13,EGY,1
CD5405ZS13,ERI,1
CD5405ZS13,ETH,1
CD5405ZS13,GAB,1
CD5405ZS13,GHA,1
CD5405ZS13,GIN,1
CD5405ZS13,GMB,1
CD5405ZS13,GNB,1
CD5405ZS13,GNQ,1
CD5405ZS13,KEN,1
CD5405ZS13,LBR,1
CD5405ZS13,LBY,1
CD5405ZS13,LSO,1
CD5405ZS13,MAR,1
CD5405ZS13,MLI,1
CD5405ZS13,MOZ,1
CD5405ZS13,MRT,1
CD5405ZS13,MWI,1
CD5405ZS13,NAM,1
CD5405ZS13,NER,1
CD5405ZS13,NGA,1
CD5405ZS13,RWA,1
CD5405ZS13,SDN,1
CD5405ZS13,SEN,1
CD5405ZS13,SLE,1
CD5405ZS13,SOM,1
CD5405ZS13,SSD,1
CD5405ZS13,SWZ,1
CD5405ZS13,TCD,1
CD5405ZS13,TGO,1
CD5405ZS13,TUN,1
CD5405ZS13,TZA,1
CD5405ZS13,UGA,1
CD5405ZS13,ZAF,1
CD5405ZS13,ZMB,1
CD5405ZS13,ZWE,1
CD5407ZS02,AGO,1
CD5407ZS02,BDI,1
CD5407ZS02,BEN,1
CD5407ZS02,BFA,1
CD5407ZS02,BWA,1
CD5407ZS02,CAF,1
CD5407ZS02,CIV,1
CD5407ZS02,CMR,1
CD5407ZS02,COG,1
CD5407ZS02,DJI,1
CD5407ZS02,DZA,1
CD5407ZS02,EGY,1
CD5407ZS02,ERI,1
CD5407ZS02,ETH,1
CD5407ZS02,GAB,1
CD5407ZS02,GHA,1
CD5407ZS02,GIN,1
CD5407ZS02,GMB,1
CD5407ZS02,GNB,1
CD5407ZS02,GNQ,1
CD5407ZS02,KEN,1
CD5407ZS02,LBR,1
CD5407ZS02,LBY,1
CD5407ZS02,LSO,1
CD5407ZS02,MAR,1
CD5407ZS02,MLI,1
CD5407ZS02,MOZ,1
CD5407ZS02,MRT,1
CD5407ZS02,MWI,1
CD5407ZS02,NAM,1
CD5407ZS02,NER,1
CD5407ZS02,NGA,1
CD5407ZS02,RWA,1
CD5407ZS02,SDN,1
CD5407ZS02,SEN,1
CD5407ZS02,SLE,1
CD5407ZS02,SOM,1
CD5407ZS02,SSD,1
CD5407ZS02,SWZ,1
CD5407ZS02,TCD,1
CD5407ZS02,TGO,1
CD5407ZS02,TUN,1
CD5407ZS02,TZA,1
CD5407ZS02,UGA,1
CD5407ZS02,ZAF,1
CD5407ZS02,ZMB,1
CD5407ZS02,ZWE,1
CD5407ZS03,AGO,1
CD5407ZS03,BDI,1
CD5407ZS03,BEN,1
CD5407ZS03,BFA,1
CD5407ZS03,BWA,1
CD5407ZS03,CAF,1
CD5407ZS03,CIV,1
CD5407ZS03,CMR,1
CD5407ZS03,COG,1
CD5407ZS03,DJI,1
CD5407ZS03,DZA,1
CD5407ZS03,EGY,1
CD5407ZS03,ERI,1
CD5407ZS03,ETH,1
CD5407ZS03,GAB,1
CD5407ZS03,GHA,1
CD5407ZS03,GIN,1
CD5407ZS03,GMB,1
CD5407ZS03,GNB,1
CD5407ZS03,GNQ,1
CD5407ZS03,KEN,1
CD5407ZS03,LBR,1
CD5407ZS03,LBY,1
CD5407ZS03,LSO,1
CD5407ZS03,MAR,1
CD5407ZS03,MLI,1
CD5407ZS03,MOZ,1
CD5407ZS03,MRT,1
CD5407ZS03,MWI,1
CD5407ZS03,NAM,1
CD5407ZS03,NER,1
CD5407ZS03,NGA,1
CD5407ZS03,RWA,1
CD5407ZS03,SDN,1
CD5407ZS03,SEN,1
CD5407ZS03,SLE,1
CD5407ZS03,SOM,1
CD5407ZS03,SSD,1
CD5407ZS03,SWZ,1
CD5407ZS03,TCD,1
CD5407ZS03,TGO,1
CD5407ZS03,TUN,1
CD5407ZS03,TZA,1
CD5407ZS03,UGA,1
CD5407ZS03,ZAF,1
CD5407ZS03,ZMB,1
CD5407ZS03,ZWE,1
CD5407ZS04,AGO,1
CD5407ZS04,BDI,1
CD5407ZS04,BEN,1
CD5407ZS04,BFA,1
CD5407ZS04,BWA,1
CD5407ZS04,CAF,1
CD5407ZS04,CIV,1
CD5407ZS04,CMR,1
CD5407ZS04,COG,1
CD5407ZS04,DJI,1
CD5407ZS04,DZA,1
CD5407ZS04,EGY,1
CD5407ZS04,ERI,1
CD5407ZS04,ETH,1
CD5407ZS04,GAB,1
CD5407ZS04,GHA,1
CD5407ZS04,GIN,1
CD5407ZS04,GMB,1
CD5407ZS04,GNB,1
CD5407ZS04,GNQ,1
CD5407ZS04,KEN,1
CD5407ZS04,LBR,1
CD5407ZS04,LBY,1
CD5407ZS04,LSO,1
CD5407ZS04,MAR,1
CD5407ZS04,MLI,1
CD5407ZS04,MOZ,1
CD5407ZS04,MRT,1
CD5407ZS04,MWI,1
CD5407ZS04,NAM,1
CD5407ZS04,NER,1
CD5407ZS04,NGA,1
CD5407ZS04,RWA,1
CD5407ZS04,SDN,1
CD5407ZS04,SEN,1
CD5407ZS04,SLE,1
CD5407ZS04,SOM,1
CD5407ZS04,SSD,1
CD5407ZS04,SWZ,1
CD5407ZS04,TCD,1
CD5407ZS04,TGO,1
CD5407ZS04,TUN,1
CD5407ZS04,TZA,1
CD5407ZS04,UGA,1
CD5407ZS04,ZAF,1
CD5407ZS04,ZMB,1
CD5407ZS04,ZWE,1
CD5407ZS05,AGO,1
CD5407ZS05,BDI,1
CD5407ZS05,BEN,1
CD5407ZS05,BFA,1
CD5407ZS05,BWA,1
CD5407ZS05,CAF,1
CD5407ZS05,CIV,1
CD5407ZS05,CMR,1
CD5407ZS05,COG,1
CD5407ZS05,DJI,1
CD5407ZS05,DZA,1
CD5407ZS05,EGY,1
CD5407ZS05,ERI,1
CD5407ZS05,ETH,1
CD5407ZS05,GAB,1
CD5407ZS05,GHA,1
CD5407ZS05,GIN,1
CD5407ZS05,GMB,1
CD5407ZS05,GNB,1
CD5407ZS05,GNQ,1
CD5407ZS05,KEN,1
CD5407ZS05,LBR,1
CD5407ZS05,LBY,1
CD5407ZS05,LSO,1
CD5407ZS05,MAR,1
CD5407ZS05,MLI,1
CD5407ZS05,MOZ,1
CD5407ZS05,MRT,1
CD5407ZS05,MWI,1
CD5407ZS05,NAM,1
CD5407ZS05,NER,1
CD5407ZS05,NGA,1
CD5407ZS05,RWA,1
CD5407ZS05,SDN,1
CD5407ZS05,SEN,1
CD5407ZS05,SLE,1
CD5407ZS05,SOM,1
CD5407ZS05,SSD,1
CD5407ZS05,SWZ,1
CD5407ZS05,TCD,1
CD5407ZS05,TGO,1
CD5407ZS05,TUN,1
CD5407ZS05,TZA,1
CD5407ZS05,UGA,1
CD5407ZS05,ZAF,1
CD5407ZS05,ZMB,1
CD5407ZS05,ZWE,1
CD5407ZS07,AGO,1
CD5407ZS07,BDI,1
CD5407ZS07,BEN,1
CD5407ZS07,BFA,1
CD5407ZS07,BWA,1
CD5407ZS07,CAF,1
CD5407ZS07,CIV,1
CD5407ZS07,CMR,1
CD5407ZS07,COG,1
CD5407ZS07,DJI,1
CD5407ZS07,DZA,1
CD5407ZS07,EGY,1
CD5407ZS07,ERI,1
CD5407ZS07,ETH,1
CD5407ZS07,GAB,1
CD5407ZS07,GHA,1
CD5407ZS07,GIN,1
CD5407ZS07,GMB,1
CD5407ZS07,GNB,1
CD5407ZS07,GNQ,1
CD5407ZS07,KEN,1
CD5407ZS07,LBR,1
CD5407ZS07,LBY,1
CD5407ZS07,LSO,1
CD5407ZS07,MAR,1
CD5407ZS07,MLI,1
CD5407ZS07,MOZ,1
CD5407ZS07,MRT,1
CD5407ZS07,MWI,1
CD5407ZS07,NAM,1
CD5407ZS07,NER,1
CD5407ZS07,NGA,1
CD5407ZS07,RWA,1
CD5407ZS07,SDN,1
CD5407ZS07,SEN,1
CD5407ZS07,SLE,1
CD5407ZS07,SOM,1
CD5407ZS07,SSD,1
CD5407ZS07,SWZ,1
CD5407ZS07,TCD,1
CD5407ZS07,TGO,1
CD5407ZS07,TUN,1
CD5407ZS07,TZA,1
CD5407ZS07,UGA,1
CD5407ZS07,ZAF,1
CD5407ZS07,ZMB,1
CD5407ZS07,ZWE,1
CD5409ZS02,AGO,1
CD5409ZS02,BDI,1
CD5409ZS02,BEN,1
CD5409ZS02,BFA,1
CD5409ZS02,BWA,1
CD5409ZS02,CAF,1
CD5409ZS02,CIV,1
CD5409ZS02,CMR,1
CD5409ZS02,COG,1
CD5409ZS02,DJI,1
CD5409ZS02,DZA,1
CD5409ZS02,EGY,1
CD5409ZS02,ERI,1
CD5409ZS02,ETH,1
CD5409ZS02,GAB,1
CD5409ZS02,GHA,1
CD5409ZS02,GIN,1
CD5409ZS02,GMB,1
CD5409ZS02,GNB,1
CD5409ZS02,GNQ,1
CD5409ZS02,KEN,1
CD5409ZS02,LBR,1
CD5409ZS02,LBY,1
CD5409ZS02,LSO,1
CD5409ZS02,MAR,1
CD5409ZS02,MLI,1
CD5409ZS02,MOZ,1
CD5409ZS02,MRT,1
CD5409ZS02,MWI,1
CD5409ZS02,NAM,1
CD5409ZS02,NER,1
CD5409ZS02,NGA,1
CD5409ZS02,RWA,1
CD5409ZS02,SDN,1
CD5409ZS02,SEN,1
CD5409ZS02,SLE,1
CD5409ZS02,SOM,1
CD5409ZS02,SSD,1
CD5409ZS02,SWZ,1
CD5409ZS02,TCD,1
CD5409ZS02,TGO,1
CD5409ZS02,TUN,1
CD5409ZS02,TZA,1
CD5409ZS02,UGA,1
CD5409ZS02,ZAF,1
CD5409ZS02,ZMB,1
CD5409ZS02,ZWE,1
CD5409ZS03,AGO,1
CD5409ZS03,BDI,1
CD5409ZS03,BEN,1
CD5409ZS03,BFA,1
CD5409ZS03,BWA,1
CD5409ZS03,CAF,1
CD5409ZS03,CIV,1
CD5409ZS03,CMR,1
CD5409ZS03,COG,1
CD5409ZS03,DJI,1
CD5409ZS03,DZA,1
CD5409ZS03,EGY,1
CD5409ZS03,ERI,1
CD5409ZS03,ETH,1
CD5409ZS03,GAB,1
CD5409ZS03,GHA,1
CD5409ZS03,GIN,1
CD5409ZS03,GMB,1
CD5409ZS03,GNB,1
CD5409ZS03,GNQ,1
CD5409ZS03,KEN,1
CD5409ZS03,LBR,1
CD5409ZS03,LBY,1
CD5409ZS03,LSO,1
CD5409ZS03,MAR,1
CD5409ZS03,MLI,1
CD5409ZS03,MOZ,1
CD5409ZS03,MRT,1
CD5409ZS03,MWI,1
CD5409ZS03,NAM,1
CD5409ZS03,NER,1
CD5409ZS03,NGA,1
CD5409ZS03,RWA,1
CD5409ZS03,SDN,1
CD5409ZS03,SEN,1
CD5409ZS03,SLE,1
CD5409ZS03,SOM,1
CD5409ZS03,SSD,1
CD5409ZS03,SWZ,1
CD5409ZS03,TCD,1
CD5409ZS03,TGO,1
CD5409ZS03,TUN,1
CD5409ZS03,TZA,1
CD5409ZS03,UGA,1
CD5409ZS03,ZAF,1
CD5409ZS03,ZMB,1
CD5409ZS03,ZWE,1
CD5409ZS04,AGO,1
CD5409ZS04,BDI,1
CD5409ZS04,BEN,1
CD5409ZS04,BFA,1
CD5409ZS04,BWA,1
CD5409ZS04,CAF,1
CD5409ZS04,CIV,1
CD5409ZS04,CMR,1
CD5409ZS04,COG,1
CD5409ZS04,DJI,1
CD5409ZS04,DZA,1
CD5409ZS04,EGY,1
CD5409ZS04,ERI,1
CD5409ZS04,ETH,1
CD5409ZS04,GAB,1
CD5409ZS04,GHA,1
CD5409ZS04,GIN,1
CD5409ZS04,GMB,1
CD5409ZS04,GNB,1
CD5409ZS04,GNQ,1
CD5409ZS04,KEN,1
CD5409ZS04,LBR,1
CD5409ZS04,LBY,1
CD5409ZS04,LSO,1
CD5409ZS04,MAR,1
CD5409ZS04,MLI,1
CD5409ZS04,MOZ,1
CD5409ZS04,MRT,1
CD5409ZS04,MWI,1
CD5409ZS04,NAM,1
CD5409ZS04,NER,1
CD5409ZS04,NGA,1
CD5409ZS04,RWA,1
CD5409ZS04,SDN,1
CD5409ZS04,SEN,1
CD5409ZS04,SLE,1
CD5409ZS04,SOM,1
CD5409ZS04,SSD,1
CD5409ZS04,SWZ,1
CD5409ZS04,TCD,1
CD5409ZS04,TGO,1
CD5409ZS04,TUN,1
CD5409ZS04,TZA,1
CD5409ZS04,UGA,1
CD5409ZS04,ZAF,1
CD5409ZS04,ZMB,1
CD5409ZS04,ZWE,1
CD6101ZS01,AGO,1
CD6101ZS01,BDI,1
CD6101ZS01,BEN,1
CD6101ZS01,BFA,1
CD6101ZS01,BWA,1
CD6101ZS01,CAF,1
CD6101ZS01,CIV,1
CD6101ZS01,CMR,1
CD6101ZS01,COG,1
CD6101ZS01,DJI,1
CD6101ZS01,DZA,1
CD6101ZS01,EGY,1
CD6101ZS01,ERI,1
CD6101ZS01,ETH,1
CD6101ZS01,GAB,1
CD6101ZS01,GHA,1
CD6101ZS01,GIN,1
CD6101ZS01,GMB,1
CD6101ZS01,GNB,1
CD6101ZS01,GNQ,1
CD6101ZS01,KEN,1
CD6101ZS01,LBR,1
CD6101ZS01,LBY,1
CD6101ZS01,LSO,1
CD6101ZS01,MAR,1
CD6101ZS01,MLI,1
CD6101ZS01,MOZ,1
CD6101ZS01,MRT,1
CD6101ZS01,MWI,1
CD6101ZS01,NAM,1
CD6101ZS01,NER,1
CD6101ZS01,NGA,1
CD6101ZS01,RWA,1
CD6101ZS01,SDN,1
CD6101ZS01,SEN,1
CD6101ZS01,SLE,1
CD6101ZS01,SOM,1
CD6101ZS01,SSD,1
CD6101ZS01,SWZ,1
CD6101ZS01,TCD,1
CD6101ZS01,TGO,1
CD6101ZS01,TUN,1
CD6101ZS01,TZA,1
CD6101ZS01,UGA,1
CD6101ZS01,ZAF,1
CD6101ZS01,ZMB,1
CD6101ZS01,ZWE,1
CD6105ZS04,AGO,1
CD6105ZS04,BDI,1
CD6105ZS04,BEN,1
CD6105ZS04,BFA,1
CD6105ZS04,BWA,1
CD6105ZS04,CAF,1
CD6105ZS04,CIV,1
CD6105ZS04,CMR,1
CD6105ZS04,COG,1
CD6105ZS04,DJI,1
CD6105ZS04,DZA,1
CD6105ZS04,EGY,1
CD6105ZS04,ERI,1
CD6105ZS04,ETH,1
CD6105ZS04,GAB,1
CD6105ZS04,GHA,1
CD6105ZS04,GIN,1
CD6105ZS04,GMB,1
CD6105ZS04,GNB,1
CD6105ZS04,GNQ,1
CD6105ZS04,KEN,1
CD6105ZS04,LBR,1
CD6105ZS04,LBY,1
CD6105ZS04,LSO,1
CD6105ZS04,MAR,1
CD6105ZS04,MLI,1
CD6105ZS04,MOZ,1
CD6105ZS04,MRT,1
CD6105ZS04,MWI,1
CD6105ZS04,NAM,1
CD6105ZS04,NER,1
CD6105ZS04,NGA,1
CD6105ZS04,RWA,1
CD6105ZS04,SDN,1
CD6105ZS04,SEN,1
CD6105ZS04,SLE,1
CD6105ZS04,SOM,1
CD6105ZS04,SSD,1
CD6105ZS04,SWZ,1
CD6105ZS04,TCD,1
CD6105ZS04,TGO,1
CD6105ZS04,TUN,1
CD6105ZS04,TZA,1
CD6105ZS04,UGA,1
CD6105ZS04,ZAF,1
CD6105ZS04,ZMB,1
CD6105ZS04,ZWE,1
CD6105ZS06,AGO,1
CD6105ZS06,BDI,1
CD6105ZS06,BEN,1
CD6105ZS06,BFA,1
CD6105ZS06,BWA,1
CD6105ZS06,CAF,1
CD6105ZS06,CIV,1
CD6105ZS06,CMR,1
CD6105ZS06,COG,1
CD6105ZS06,DJI,1
CD6105ZS06,DZA,1
CD6105ZS06,EGY,1
CD6105ZS06,ERI,1
CD6105ZS06,ETH,1
CD6105ZS06,GAB,1
CD6105ZS06,GHA,1
CD6105ZS06,GIN,1
CD6105ZS06,GMB,1
CD6105ZS06,GNB,1
CD6105ZS06,GNQ,1
CD6105ZS06,KEN,1
CD6105ZS06,LBR,1
CD6105ZS06,LBY,1
CD6105ZS06,LSO,1
CD6105ZS06,MAR,1
CD6105ZS06,MLI,1
CD6105ZS06,MOZ,1
CD6105ZS06,MRT,1
CD6105ZS06,MWI,1
CD6105ZS06,NAM,1
CD6105ZS06,NER,1
CD6105ZS06,NGA,1
CD6105ZS06,RWA,1
CD6105ZS06,SDN,1
CD6105ZS06,SEN,1
CD6105ZS06,SLE,1
CD6105ZS06,SOM,1
CD6105ZS06,SSD,1
CD6105ZS06,SWZ,1
CD6105ZS06,TCD,1
CD6105ZS06,TGO,1
CD6105ZS06,TUN,1
CD6105ZS06,TZA,1
CD6105ZS06,UGA,1
CD6105ZS06,ZAF,1
CD6105ZS06,ZMB,1
CD6105ZS06,ZWE,1
CD6105ZS07,AGO,1
CD6105ZS07,BDI,1
CD6105ZS07,BEN,1
CD6105ZS07,BFA,1
CD6105ZS07,BWA,1
CD6105ZS07,CAF,1
CD6105ZS07,CIV,1
CD6105ZS07,CMR,1
CD6105ZS07,COG,1
CD6105ZS07,DJI,1
CD6105ZS07,DZA,1
CD6105ZS07,EGY,1
CD6105ZS07,ERI,1
CD6105ZS07,ETH,1
CD6105ZS07,GAB,1
CD6105ZS07,GHA,1
CD6105ZS07,GIN,1
CD6105ZS07,GMB,1
CD6105ZS07,GNB,1
CD6105ZS07,GNQ,1
CD6105ZS07,KEN,1
CD6105ZS07,LBR,1
CD6105ZS07,LBY,1
CD6105ZS07,LSO,1
CD6105ZS07,MAR,1
CD6105ZS07,MLI,1
CD6105ZS07,MOZ,1
CD6105ZS07,MRT,1
CD6105ZS07,MWI,1
CD6105ZS07,NAM,1
CD6105ZS07,NER,1
CD6105ZS07,NGA,1
CD6105ZS07,RWA,1
CD6105ZS07,SDN,1
CD6105ZS07,SEN,1
CD6105ZS07,SLE,1
CD6105ZS07,SOM,1
CD6105ZS07,SSD,1
CD6105ZS07,SWZ,1
CD6105ZS07,TCD,1
CD6105ZS07,TGO,1
CD6105ZS07,TUN,1
CD6105ZS07,TZA,1
CD6105ZS07,UGA,1
CD6105ZS07,ZAF,1
CD6105ZS07,ZMB,1
CD6105ZS07,ZWE,1
CD6107ZS01,AGO,1
CD6107ZS01,BDI,1
CD6107ZS01,BEN,1
CD6107ZS01,BFA,1
CD6107ZS01,BWA,1
CD6107ZS01,CAF,1
CD6107ZS01,CIV,1
CD6107ZS01,CMR,1
CD6107ZS01,COG,1
CD6107ZS01,DJI,1
CD6107ZS01,DZA,1
CD6107ZS01,EGY,1
CD6107ZS01,ERI,1
CD6107ZS01,ETH,1
CD6107ZS01,GAB,1
CD6107ZS01,GHA,1
CD6107ZS01,GIN,1
CD6107ZS01,GMB,1
CD6107ZS01,GNB,1
CD6107ZS01,GNQ,1
CD6107ZS01,KEN,1
CD6107ZS01,LBR,1
CD6107ZS01,LBY,1
CD6107ZS01,LSO,1
CD6107ZS01,MAR,1
CD6107ZS01,MLI,1
CD6107ZS01,MOZ,1
CD6107ZS01,MRT,1
CD6107ZS01,MWI,1
CD6107ZS01,NAM,1
CD6107ZS01,NER,1
CD6107ZS01,NGA,1
CD6107ZS01,RWA,1
CD6107ZS01,SDN,1
CD6107ZS01,SEN,1
CD6107ZS01,SLE,1
CD6107ZS01,SOM,1
CD6107ZS01,SSD,1
CD6107ZS01,SWZ,1
CD6107ZS01,TCD,1
CD6107ZS01,TGO,1
CD6107ZS01,TUN,1
CD6107ZS01,TZA,1
CD6107ZS01,UGA,1
CD6107ZS01,ZAF,1
CD6107ZS01,ZMB,1
CD6107ZS01,ZWE,1
CD6107ZS03,AGO,1
CD6107ZS03,BDI,1
CD6107ZS03,BEN,1
CD6107ZS03,BFA,1
CD6107ZS03,BWA,1
CD6107ZS03,CAF,1
CD6107ZS03,CIV,1
CD6107ZS03,CMR,1
CD6107ZS03,COG,1
CD6107ZS03,DJI,1
CD6107ZS03,DZA,1
CD6107ZS03,EGY,1
CD6107ZS03,ERI,1
CD6107ZS03,ETH,1
CD6107ZS03,GAB,1
CD6107ZS03,GHA,1
CD6107ZS03,GIN,1
CD6107ZS03,GMB,1
CD6107ZS03,GNB,1
CD6107ZS03,GNQ,1
CD6107ZS03,KEN,1
CD6107ZS03,LBR,1
CD6107ZS03,LBY,1
CD6107ZS03,LSO,1
CD6107ZS03,MAR,1
CD6107ZS03,MLI,1
CD6107ZS03,MOZ,1
CD6107ZS03,MRT,1
CD6107ZS03,MWI,1
CD6107ZS03,NAM,1
CD6107ZS03,NER,1
CD6107ZS03,NGA,1
CD6107ZS03,RWA,1
CD6107ZS03,SDN,1
CD6107ZS03,SEN,1
CD6107ZS03,SLE,1
CD6107ZS03,SOM,1
CD6107ZS03,SSD,1
CD6107ZS03,SWZ,1
CD6107ZS03,TCD,1
CD6107ZS03,TGO,1
CD6107ZS03,TUN,1
CD6107ZS03,TZA,1
CD6107ZS03,UGA,1
CD6107ZS03,ZAF,1
CD6107ZS03,ZMB,1
CD6107ZS03,ZWE,1
CD6107ZS04,AGO,1
CD6107ZS04,BDI,1
CD6107ZS04,BEN,1
CD6107ZS04,BFA,1
CD6107ZS04,BWA,1
CD6107ZS04,CAF,1
CD6107ZS04,CIV,1
CD6107ZS04,CMR,1
CD6107ZS04,COG,1
CD6107ZS04,DJI,1
CD6107ZS04,DZA,1
CD6107ZS04,EGY,1
CD6107ZS04,ERI,1
CD6107ZS04,ETH,1
CD6107ZS04,GAB,1
CD6107ZS04,GHA,1
CD6107ZS04,GIN,1
CD6107ZS04,GMB,1
CD6107ZS04,GNB,1
CD6107ZS04,GNQ,1
CD6107ZS04,KEN,1
CD6107ZS04,LBR,1
CD6107ZS04,LBY,1
CD6107ZS04,LSO,1
CD6107ZS04,MAR,1
CD6107ZS04,MLI,1
CD6107ZS04,MOZ,1
CD6107ZS04,MRT,1
CD6107ZS04,MWI,1
CD6107ZS04,NAM,1
CD6107ZS04,NER,1
CD6107ZS04,NGA,1
CD6107ZS04,RWA,1
CD6107ZS04,SDN,1
CD6107ZS04,SEN,1
CD6107ZS04,SLE,1
CD6107ZS04,SOM,1
CD6107ZS04,SSD,1
CD6107ZS04,SWZ,1
CD6107ZS04,TCD,1
CD6107ZS04,TGO,1
CD6107ZS04,TUN,1
CD6107ZS04,TZA,1
CD6107ZS04,UGA,1
CD6107ZS04,ZAF,1
CD6107ZS04,ZMB,1
CD6107ZS04,ZWE,1
CD6107ZS05,AGO,1
CD6107ZS05,BDI,1
CD6107ZS05,BEN,1
CD6107ZS05,BFA,1
CD6107ZS05,BWA,1
CD6107ZS05,CAF,1
CD6107ZS05,CIV,1
CD6107ZS05,CMR,1
CD6107ZS05,COG,1
CD6107ZS05,DJI,1
CD6107ZS05,DZA,1
CD6107ZS05,EGY,1
CD6107ZS05,ERI,1
CD6107ZS05,ETH,1
CD6107ZS05,GAB,1
CD6107ZS05,GHA,1
CD6107ZS05,GIN,1
CD6107ZS05,GMB,1
CD6107ZS05,GNB,1
CD6107ZS05,GNQ,1
CD6107ZS05,KEN,1
CD6107ZS05,LBR,1
CD6107ZS05,LBY,1
CD6107ZS05,LSO,1
CD6107ZS05,MAR,1
CD6107ZS05,MLI,1
CD6107ZS05,MOZ,1
CD6107ZS05,MRT,1
CD6107ZS05,MWI,1
CD6107ZS05,NAM,1
CD6107ZS05,NER,1
CD6107ZS05,NGA,1
CD6107ZS05,RWA,1
CD6107ZS05,SDN,1
CD6107ZS05,SEN,1
CD6107ZS05,SLE,1
CD6107ZS05,SOM,1
CD6107ZS05,SSD,1
CD6107ZS05,SWZ,1
CD6107ZS05,TCD,1
CD6107ZS05,TGO,1
CD6107ZS05,TUN,1
CD6107ZS05,TZA,1
CD6107ZS05,UGA,1
CD6107ZS05,ZAF,1
CD6107ZS05,ZMB,1
CD6107ZS05,ZWE,1
CD6107ZS06,AGO,1
CD6107ZS06,BDI,1
CD6107ZS06,BEN,1
CD6107ZS06,BFA,1
CD6107ZS06,BWA,1
CD6107ZS06,CAF,1
CD6107ZS06,CIV,1
CD6107ZS06,CMR,1
CD6107ZS06,COG,1
CD6107ZS06,DJI,1
CD6107ZS06,DZA,1
CD6107ZS06,EGY,1
CD6107ZS06,ERI,1
CD6107ZS06,ETH,1
CD6107ZS06,GAB,1
CD6107ZS06,GHA,1
CD6107ZS06,GIN,1
CD6107ZS06,GMB,1
CD6107ZS06,GNB,1
CD6107ZS06,GNQ,1
CD6107ZS06,KEN,1
CD6107ZS06,LBR,1
CD6107ZS06,LBY,1
CD6107ZS06,LSO,1
CD6107ZS06,MAR,1
CD6107ZS06,MLI,1
CD6107ZS06,MOZ,1
CD6107ZS06,MRT,1
CD6107ZS06,MWI,1
CD6107ZS06,NAM,1
CD6107ZS06,NER,1
CD6107ZS06,NGA,1
CD6107ZS06,RWA,1
CD6107ZS06,SDN,1
CD6107ZS06,SEN,1
CD6107ZS06,SLE,1
CD6107ZS06,SOM,1
CD6107ZS06,SSD,1
CD6107ZS06,SWZ,1
CD6107ZS06,TCD,1
CD6107ZS06,TGO,1
CD6107ZS06,TUN,1
CD6107ZS06,TZA,1
CD6107ZS06,UGA,1
CD6107ZS06,ZAF,1
CD6107ZS06,ZMB,1
CD6107ZS06,ZWE,1
CD6107ZS07,AGO,1
CD6107ZS07,BDI,1
CD6107ZS07,BEN,1
CD6107ZS07,BFA,1
CD6107ZS07,BWA,1
CD6107ZS07,CAF,1
CD6107ZS07,CIV,1
CD6107ZS07,CMR,1
CD6107ZS07,COG,1
CD6107ZS07,DJI,1
CD6107ZS07,DZA,1
CD6107ZS07,EGY,1
CD6107ZS07,ERI,1
CD6107ZS07,ETH,1
CD6107ZS07,GAB,1
CD6107ZS07,GHA,1
CD6107ZS07,GIN,1
CD6107ZS07,GMB,1
CD6107ZS07,GNB,1
CD6107ZS07,GNQ,1
CD6107ZS07,KEN,1
CD6107ZS07,LBR,1
CD6107ZS07,LBY,1
CD6107ZS07,LSO,1
CD6107ZS07,MAR,1
CD6107ZS07,MLI,1
CD6107ZS07,MOZ,1
CD6107ZS07,MRT,1
CD6107ZS07,MWI,1
CD6107ZS07,NAM,1
CD6107ZS07,NER,1
CD6107ZS07,NGA,1
CD6107ZS07,RWA,1
CD6107ZS07,SDN,1
CD6107ZS07,SEN,1
CD6107ZS07,SLE,1
CD6107ZS07,SOM,1
CD6107ZS07,SSD,1
CD6107ZS07,SWZ,1
CD6107ZS07,TCD,1
CD6107ZS07,TGO,1
CD6107ZS07,TUN,1
CD6107ZS07,TZA,1
CD6107ZS07,UGA,1
CD6107ZS07,ZAF,1
CD6107ZS07,ZMB,1
CD6107ZS07,ZWE,1
CD6109ZS01,AGO,1
CD6109ZS01,BDI,1
CD6109ZS01,BEN,1
CD6109ZS01,BFA,1
CD6109ZS01,BWA,1
CD6109ZS01,CAF,1
CD6109ZS01,CIV,1
CD6109ZS01,CMR,1
CD6109ZS01,COG,1
CD6109ZS01,DJI,1
CD6109ZS01,DZA,1
CD6109ZS01,EGY,1
CD6109ZS01,ERI,1
CD6109ZS01,ETH,1
CD6109ZS01,GAB,1
CD6109ZS01,GHA,1
CD6109ZS01,GIN,1
CD6109ZS01,GMB,1
CD6109ZS01,GNB,1
CD6109ZS01,GNQ,1
CD6109ZS01,KEN,1
CD6109ZS01,LBR,1
CD6109ZS01,LBY,1
CD6109ZS01,LSO,1
CD6109ZS01,MAR,1
CD6109ZS01,MLI,1
CD6109ZS01,MOZ,1
CD6109ZS01,MRT,1
CD6109ZS01,MWI,1
CD6109ZS01,NAM,1
CD6109ZS01,NER,1
CD6109ZS01,NGA,1
CD6109ZS01,RWA,1
CD6109ZS01,SDN,1
CD6109ZS01,SEN,1
CD6109ZS01,SLE,1
CD6109ZS01,SOM,1
CD6109ZS01,SSD,1
CD6109ZS01,SWZ,1
CD6109ZS01,TCD,1
CD6109ZS01,TGO,1
CD6109ZS01,TUN,1
CD6109ZS01,TZA,1
CD6109ZS01,UGA,1
CD6109ZS01,ZAF,1
CD6109ZS01,ZMB,1
CD6109ZS01,ZWE,1
CD6110ZS01,AGO,1
CD6110ZS01,BDI,1
CD6110ZS01,BEN,1
CD6110ZS01,BFA,1
CD6110ZS01,BWA,1
CD6110ZS01,CAF,1
CD6110ZS01,CIV,1
CD6110ZS01,CMR,1
CD6110ZS01,COG,1
CD6110ZS01,DJI,1
CD6110ZS01,DZA,1
CD6110ZS01,EGY,1
CD6110ZS01,ERI,1
CD6110ZS01,ETH,1
CD6110ZS01,GAB,1
CD6110ZS01,GHA,1
CD6110ZS01,GIN,1
CD6110ZS01,GMB,1
CD6110ZS01,GNB,1
CD6110ZS01,GNQ,1
CD6110ZS01,KEN,1
CD6110ZS01,LBR,1
CD6110ZS01,LBY,1
CD6110ZS01,LSO,1
CD6110ZS01,MAR,1
CD6110ZS01,MLI,1
CD6110ZS01,MOZ,1
CD6110ZS01,MRT,1
CD6110ZS01,MWI,1
CD6110ZS01,NAM,1
CD6110ZS01,NER,1
CD6110ZS01,NGA,1
CD6110ZS01,RWA,1
CD6110ZS01,SDN,1
CD6110ZS01,SEN,1
CD6110ZS01,SLE,1
CD6110ZS01,SOM,1
CD6110ZS01,SSD,1
CD6110ZS01,SWZ,1
CD6110ZS01,TCD,1
CD6110ZS01,TGO,1
CD6110ZS01,TUN,1
CD6110ZS01,TZA,1
CD6110ZS01,UGA,1
CD6110ZS01,ZAF,1
CD6110ZS01,ZMB,1
CD6110ZS01,ZWE,1
CD6110ZS02,AGO,1
CD6110ZS02,BDI,1
CD6110ZS02,BEN,1
CD6110ZS02,BFA,1
CD6110ZS02,BWA,1
CD6110ZS02,CAF,1
CD6110ZS02,CIV,1
CD6110ZS02,CMR,1
CD6110ZS02,COG,1
CD6110ZS02,DJI,1
CD6110ZS02,DZA,1
CD6110ZS02,EGY,1
CD6110ZS02,ERI,1
CD6110ZS02,ETH,1
CD6110ZS02,GAB,1
CD6110ZS02,GHA,1
CD6110ZS02,GIN,1
CD6110ZS02,GMB,1
CD6110ZS02,GNB,1
CD6110ZS02,GNQ,1
CD6110ZS02,KEN,1
CD6110ZS02,LBR,1
CD6110ZS02,LBY,1
CD6110ZS02,LSO,1
CD6110ZS02,MAR,1
CD6110ZS02,MLI,1
CD6110ZS02,MOZ,1
CD6110ZS02,MRT,1
CD6110ZS02,MWI,1
CD6110ZS02,NAM,1
CD6110ZS02,NER,1
CD6110ZS02,NGA,1
CD6110ZS02,RWA,1
CD6110ZS02,SDN,1
CD6110ZS02,SEN,1
CD6110ZS02,SLE,1
CD6110ZS02,SOM,1
CD6110ZS02,SSD,1
CD6110ZS02,SWZ,1
CD6110ZS02,TCD,1
CD6110ZS02,TGO,1
CD6110ZS02,TUN,1
CD6110ZS02,TZA,1
CD6110ZS02,UGA,1
CD6110ZS02,ZAF,1
CD6110ZS02,ZMB,1
CD6110ZS02,ZWE,1
CD6202ZS04,AGO,1
CD6202ZS04,BDI,1
CD6202ZS04,BEN,1
CD6202ZS04,BFA,1
CD6202ZS04,BWA,1
CD6202ZS04,CAF,1
CD6202ZS04,CIV,1
CD6202ZS04,CMR,1
CD6202ZS04,COG,1
CD6202ZS04,DJI,1
CD6202ZS04,DZA,1
CD6202ZS04,EGY,1
CD6202ZS04,ERI,1
CD6202ZS04,ETH,1
CD6202ZS04,GAB,1
CD6202ZS04,GHA,1
CD6202ZS04,GIN,1
CD6202ZS04,GMB,1
CD6202ZS04,GNB,1
CD6202ZS04,GNQ,1
CD6202ZS04,KEN,1
CD6202ZS04,LBR,1
CD6202ZS04,LBY,1
CD6202ZS04,LSO,1
CD6202ZS04,MAR,1
CD6202ZS04,MLI,1
CD6202ZS04,MOZ,1
CD6202ZS04,MRT,1
CD6202ZS04,MWI,1
CD6202ZS04,NAM,1
CD6202ZS04,NER,1
CD6202ZS04,NGA,1
CD6202ZS04,RWA,1
CD6202ZS04,SDN,1
CD6202ZS04,SEN,1
CD6202ZS04,SLE,1
CD6202ZS04,SOM,1
CD6202ZS04,SSD,1
CD6202ZS04,SWZ,1
CD6202ZS04,TCD,1
CD6202ZS04,TGO,1
CD6202ZS04,TUN,1
CD6202ZS04,TZA,1
CD6202ZS04,UGA,1
CD6202ZS04,ZAF,1
CD6202ZS04,ZMB,1
CD6202ZS04,ZWE,1
CD9107ZS03,AGO,1
CD9107ZS03,BDI,1
CD9107ZS03,BEN,1
CD9107ZS03,BFA,1
CD9107ZS03,BWA,1
CD9107ZS03,CAF,1
CD9107ZS03,CIV,1
CD9107ZS03,CMR,1
CD9107ZS03,COG,1
CD9107ZS03,DJI,1
CD9107ZS03,DZA,1
CD9107ZS03,EGY,1
CD9107ZS03,ERI,1
CD9107ZS03,ETH,1
CD9107ZS03,GAB,1
CD9107ZS03,GHA,1
CD9107ZS03,GIN,1
CD9107ZS03,GMB,1
CD9107ZS03,GNB,1
CD9107ZS03,GNQ,1
CD9107ZS03,KEN,1
CD9107ZS03,LBR,1
CD9107ZS03,LBY,1
CD9107ZS03,LSO,1
CD9107ZS03,MAR,1
CD9107ZS03,MLI,1
CD9107ZS03,MOZ,1
CD9107ZS03,MRT,1
CD9107ZS03,MWI,1
CD9107ZS03,NAM,1
CD9107ZS03,NER,1
CD9107ZS03,NGA,1
CD9107ZS03,RWA,1
CD9107ZS03,SDN,1
CD9107ZS03,SEN,1
CD9107ZS03,SLE,1
CD9107ZS03,SOM,1
CD9107ZS03,SSD,1
CD9107ZS03,SWZ,1
CD9107ZS03,TCD,1
CD9107ZS03,TGO,1
CD9107ZS03,TUN,1
CD9107ZS03,TZA,1
CD9107ZS03,UGA,1
CD9107ZS03,ZAF,1
CD9107ZS03,ZMB,1
CD9107ZS03,ZWE,1
