,zone,zoneCode,pop
0,Bandalungwa,CD1000ZS01,337289
1,Barumbu,CD1000ZS02,281886
2,Binza Meteo,CD1000ZS03,745289
3,Binza Ozone,CD1000ZS04,694614
4,Biyela,CD1000ZS05,417747
5,Bumbu,CD1000ZS06,769113
6,Gombe,CD1000ZS07,165407
7,Kalamu I,CD1000ZS08,270729
8,Kalamu II,CD1000ZS09,241639
9,Kasa-Vubu,CD1000ZS10,246610
10,Kikimi,CD1000ZS11,477122
11,Kimbanseke,CD1000ZS12,522141
12,Kingabwa,CD1000ZS13,389193
13,Kingasani,CD1000ZS14,411284
14,Kinshasa,CD1000ZS15,310671
15,Kintambo,CD1000ZS16,194265
16,Kisenso,CD1000ZS17,803841
17,Kokolo,CD1000ZS18,497548
18,Lemba,CD1000ZS19,597713
19,Limete,CD1000ZS20,348455
20,Lingwala,CD1000ZS21,159680
21,Makala,CD1000ZS22,570852
22,Maluku I,CD1000ZS23,333867
23,Maluku II,CD1000ZS24,122221
24,Masina I,CD1000ZS25,620109
25,Masina II,CD1000ZS26,512091
26,Matete,CD1000ZS27,535270
27,Mont Ngafula I,CD1000ZS28,458071
28,Mont Ngafula II,CD1000ZS29,268351
29,Ndjili,CD1000ZS30,597747
30,Ngaba,CD1000ZS31,337738
31,Ngiri-Ngiri,CD1000ZS32,301137
32,Nsele,CD1000ZS33,326615
33,Police,CD1000ZS34,237251
34,Selembao,CD1000ZS35,646158
35,Matadi,CD2001ZS01,351301
36,Nzanza,CD2001ZS02,311532
37,Boma,CD2002ZS01,347569
38,Boma Bungu,CD2003ZS01,174840
39,Kitona,CD2003ZS02,212461
40,Moanda,CD2003ZS03,306562
41,Kangu,CD2005ZS01,226549
42,Lukula,CD2005ZS02,437948
43,Kinkonzi,CD2007ZS01,153020
44,Kizu,CD2007ZS02,141547
45,Kuimba,CD2007ZS03,189517
46,Tshela,CD2007ZS04,194795
47,Vaku,CD2007ZS05,163144
48,Inga,CD2009ZS01,176884
49,Seke-Banza,CD2009ZS02,322057
50,Kibunzi,CD2010ZS01,147388
51,Luozi,CD2010ZS02,194186
52,Mangembo,CD2010ZS03,177336
53,Kimpese,CD2011ZS01,428046
54,Nsona-Mpangu,CD2011ZS02,245118
55,Boko-Kivulu,CD2013ZS01,331268
56,Gombe-Matadi,CD2013ZS02,224724
57,Kimpangu,CD2013ZS03,279846
58,Kwilu-Ngongo,CD2013ZS04,337793
59,Mbanza-Ngungu,CD2013ZS05,242721
60,Masa,CD2015ZS01,256322
61,Sona-Bata,CD2015ZS02,233153
62,Kisantu,CD2017ZS01,395396
63,Ngidinga,CD2017ZS02,269208
64,Nselo,CD2017ZS03,193384
65,Kimvula,CD2019ZS01,168798
66,Boko,CD3102ZS01,254888
67,Kenge,CD3102ZS02,345260
68,Kimbau,CD3102ZS03,219279
69,Feshi,CD3103ZS01,180705
70,Kisanji,CD3103ZS02,143809
71,Mwela Lembwa,CD3103ZS03,120083
72,Kahemba,CD3105ZS01,309319
73,Kajiji,CD3105ZS02,186129
74,Kasongo Lunda,CD3106ZS01,206409
75,Kitenda,CD3106ZS02,186014
76,Panzi,CD3106ZS03,212152
77,Tembo,CD3106ZS04,153855
78,Wamba Lwadi,CD3106ZS05,138246
79,Popokabaka,CD3108ZS01,227479
80,Bandundu,CD3201ZS01,298403
81,Bagata,CD3202ZS01,266698
82,Kikongo,CD3202ZS02,303306
83,Sia,CD3202ZS03,177728
84,Kikwit-Nord,CD3203ZS01,336602
85,Kikwit-Sud,CD3203ZS02,407754
86,Bulungu,CD3204ZS01,428516
87,Djuma,CD3204ZS02,332099
88,Lusanga,CD3204ZS03,451345
89,Pay Kongila,CD3204ZS04,367659
90,Vanga,CD3204ZS05,242455
91,Idiofa,CD3206ZS01,441072
92,Ipamu,CD3206ZS02,308363
93,Kimputu,CD3206ZS03,306226
94,Koshibanda,CD3206ZS04,287404
95,Mokala,CD3206ZS05,336975
96,Mungindu,CD3206ZS06,191595
97,Gungu,CD3210ZS01,366790
98,Kingandu,CD3210ZS02,164057
99,Mukedi,CD3210ZS03,273297
100,Masi-Manimba,CD3212ZS01,262009
101,Moanza,CD3212ZS02,302732
102,Mosango,CD3212ZS03,189426
103,Yasa-Bonga,CD3212ZS04,336088
104,Banjow Moke,CD3302ZS01,164278
105,Inongo,CD3302ZS02,245105
106,Ntandembelo,CD3302ZS03,119188
107,Kiri,CD3303ZS01,157087
108,Penjwa,CD3303ZS02,106646
109,Bosobe,CD3304ZS01,179593
110,Mimia,CD3304ZS02,78046
111,Oshwe,CD3304ZS03,207780
112,Bokoro,CD3306ZS01,308919
113,Nioki,CD3306ZS02,219253
114,Kwamouth,CD3307ZS01,174811
115,Bolobo,CD3308ZS01,194064
116,Yumbi,CD3310ZS01,167475
117,Mushie,CD3311ZS01,172728
118,Bolenge,CD4101ZS01,76848
119,Mbandaka,CD4101ZS02,130114
120,Wangata,CD4101ZS03,134154
121,Bikoro,CD4102ZS01,137917
122,Iboko,CD4102ZS02,92522
123,Ntondo,CD4102ZS03,58932
124,Irebu,CD4103ZS01,32575
125,Lukolela,CD4103ZS02,128462
126,Bomongo,CD4104ZS01,98792
127,Lilanga Bobangi,CD4104ZS02,74135
128,Makanza,CD4105ZS01,109983
129,Basankusu,CD4107ZS01,231279
130,Djombo,CD4107ZS02,103587
131,Bolomba,CD4108ZS01,247943
132,Lolanga Mampoko,CD4108ZS02,82886
133,Monieka,CD4108ZS03,73047
134,Ingende,CD4109ZS01,136373
135,Lotumbe,CD4109ZS02,96765
136,Bogosenubia,CD4202ZS01,179220
137,Bominenge,CD4202ZS02,195858
138,Bwamanda,CD4202ZS03,285637
139,Gemena,CD4202ZS04,420779
140,Tandala,CD4202ZS05,343379
141,Bangabola,CD4203ZS01,170957
142,Budjala,CD4203ZS02,161781
143,Bulu,CD4203ZS03,163212
144,Mbaya,CD4203ZS04,83000
145,Ndage,CD4203ZS05,158536
146,Bokonzi,CD4204ZS01,269745
147,Boto,CD4204ZS02,22622
148,Kungu,CD4204ZS03,268007
149,Libenge,CD4205ZS01,285637
150,Mawuya,CD4205ZS02,193428
151,Zongo,CD4206ZS01,93957
152,Gbadolite,CD4301ZS01,172462
153,Mobayi Mbongo,CD4302ZS01,133666
154,Abuzi,CD4304ZS01,90620
155,Wapinda,CD4304ZS02,93614
156,Wasolo,CD4304ZS03,87348
157,Yakoma,CD4304ZS04,120710
158,Businga,CD4305ZS01,152278
159,Karawa,CD4305ZS02,298921
160,Loko,CD4305ZS03,150068
161,Bili,CD4306ZS01,220141
162,Bosobolo,CD4306ZS02,196248
163,Binga,CD4402ZS01,270235
164,Boso Manzi,CD4402ZS02,121651
165,Lisala,CD4402ZS03,267694
166,Bumba,CD4404ZS01,213657
167,Lolo,CD4404ZS02,148541
168,Yamaluka,CD4404ZS03,141505
169,Yambuku,CD4404ZS04,290836
170,Yamongili,CD4404ZS05,135141
171,Bongandanga,CD4405ZS01,141594
172,Boso Mondanda,CD4405ZS02,149224
173,Bosondjo,CD4405ZS03,206923
174,Pimu,CD4405ZS04,247874
175,Boende,CD4502ZS01,279222
176,Wema,CD4502ZS02,9796
177,Befale,CD4503ZS01,182120
178,Mompono,CD4503ZS02,146377
179,Djolu,CD4504ZS01,241515
180,Lingomo,CD4504ZS02,138861
181,Ikela,CD4505ZS01,174397
182,Mondombe,CD4505ZS02,177784
183,Bokungu,CD4506ZS01,206482
184,Bosanga,CD4506ZS02,241515
185,Yalifafo,CD4506ZS03,179157
186,Monkoto,CD4507ZS01,138365
187,Kabondo,CD5101ZS01,164132
188,Lubunga,CD5101ZS02,149247
189,Makiso-Kisangani,CD5101ZS03,196107
190,Mangobo,CD5101ZS04,194436
191,Tshopo,CD5101ZS05,134026
192,Lowa,CD5102ZS01,128483
193,Ubundu,CD5102ZS02,98447
194,Wanierukula,CD5102ZS03,84094
195,Opala,CD5103ZS01,124390
196,Yaleko,CD5103ZS02,138306
197,Isangi,CD5105ZS01,156928
198,Yabaondo,CD5105ZS02,164712
199,Yahisuli,CD5105ZS03,84092
200,Yakusu,CD5105ZS04,156622
201,Yahuma,CD5107ZS01,181881
202,Basali,CD5109ZS01,84813
203,Basoko,CD5109ZS02,156601
204,Yalimbongo,CD5109ZS03,99189
205,Banalia,CD5110ZS01,140506
206,Bengamisa,CD5110ZS02,115685
207,Bafwagbogbo,CD5111ZS01,69370
208,Bafwasende,CD5111ZS02,79502
209,Opienge,CD5111ZS03,60802
210,Buta,CD5202ZS01,225960
211,Titule,CD5202ZS02,94416
212,Aketi,CD5204ZS01,165845
213,Likati,CD5204ZS02,85877
214,Bili,CD5206ZS01,78776
215,Bondo,CD5206ZS02,132803
216,Monga,CD5206ZS03,96719
217,Ango,CD5207ZS01,126942
218,Poko,CD5208ZS01,147188
219,Viadana,CD5208ZS02,127757
220,Ganga,CD5209ZS01,152521
221,Isiro,CD5302ZS01,337644
222,Rungu,CD5302ZS02,141502
223,Niangara,CD5303ZS01,156906
224,Doruma,CD5305ZS01,94870
225,Dungu,CD5305ZS02,171490
226,Aba,CD5307ZS01,176098
227,Faradje,CD5307ZS02,157569
228,Makoro,CD5307ZS03,166983
229,Gombari,CD5309ZS01,153286
230,Watsa,CD5309ZS02,232610
231,Boma-Mangbetu,CD5311ZS01,149878
232,Pawa,CD5311ZS02,230691
233,Wamba,CD5311ZS03,181018
234,Boga,CD5402ZS01,59665
235,Bunia,CD5402ZS02,236011
236,Gethy,CD5402ZS03,164195
237,Komanda,CD5402ZS04,162677
238,Nyakunde,CD5402ZS05,86216
239,Rwampara,CD5402ZS06,118009
240,Lolwa,CD5403ZS01,40296
241,Mambasa,CD5403ZS02,84418
242,Mandima,CD5403ZS03,121642
243,Nia-Nia,CD5403ZS04,62813
244,Bambu,CD5405ZS01,130933
245,Damas,CD5405ZS02,102748
246,Drodro,CD5405ZS03,136237
247,Fataki,CD5405ZS04,112899
248,Jiba,CD5405ZS05,120630
249,Kilo,CD5405ZS06,49206
250,Linga,CD5405ZS07,129824
251,Lita,CD5405ZS08,112821
252,Mangala,CD5405ZS09,81562
253,Mongbalu,CD5405ZS10,117395
254,Nizi,CD5405ZS11,124683
255,Rethy,CD5405ZS12,176330
256,Tchomia,CD5405ZS13,97164
257,Angumu,CD5407ZS01,144452
258,Aungba,CD5407ZS02,139233
259,Kambala,CD5407ZS03,108946
260,Logo,CD5407ZS04,211738
261,Mahagi,CD5407ZS05,153642
262,Nyarambe,CD5407ZS06,205290
263,Rimba,CD5407ZS07,186054
264,Adi,CD5409ZS01,142370
265,Adja,CD5409ZS02,111183
266,Ariwara,CD5409ZS03,177163
267,Aru,CD5409ZS04,159415
268,Biringi,CD5409ZS05,107854
269,Laybo,CD5409ZS06,124735
270,Goma,CD6101ZS01,252395
271,Karisimbi,CD6101ZS02,616487
272,Nyiragongo,CD6102ZS01,434441
273,Katoyi,CD6103ZS01,634495
274,Kirotshe,CD6103ZS02,439622
275,Masisi,CD6103ZS03,410864
276,Mweso,CD6103ZS04,392737
277,Itebero,CD6104ZS01,178509
278,Kibua,CD6104ZS02,101836
279,Pinga,CD6104ZS03,151496
280,Walikale,CD6104ZS04,157748
281,Alimbongo,CD6105ZS01,221094
282,Biena,CD6105ZS02,119121
283,Kayna,CD6105ZS03,352190
284,Lubero,CD6105ZS04,266916
285,Manguredjipa,CD6105ZS05,72629
286,Masereka,CD6105ZS06,178135
287,Musienene,CD6105ZS07,250030
288,Kalunguta,CD6107ZS01,200088
289,Kamango,CD6107ZS02,105933
290,Kyondo,CD6107ZS03,215724
291,Mabalako,CD6107ZS04,186641
292,Mutwanga,CD6107ZS05,248653
293,Oicha,CD6107ZS06,337052
294,Vuhovi,CD6107ZS07,121842
295,Beni,CD6109ZS01,383424
296,Butembo,CD6110ZS01,317019
297,Katwa,CD6110ZS02,412436
298,Bambo,CD6111ZS01,151799
299,Binza,CD6111ZS02,184897
300,Birambizo,CD6111ZS03,386733
301,Kibirizi,CD6111ZS04,285815
302,Rutshuru,CD6111ZS05,285007
303,Rwanguba,CD6111ZS06,261046
304,Bagira,CD6201ZS01,158952
305,Ibanda,CD6201ZS02,516239
306,Kadutu,CD6201ZS03,420950
307,Kabare,CD6202ZS01,268306
308,Kaniola,CD6202ZS02,206747
309,Katana,CD6202ZS03,260554
310,Miti-Murhesa,CD6202ZS04,298340
311,Nyantende,CD6202ZS05,155227
312,Kalole,CD6203ZS01,151490
313,Lulingu,CD6203ZS02,202835
314,Mulungu,CD6203ZS03,189342
315,Shabunda,CD6203ZS04,229674
316,Bunyakiri,CD6205ZS01,261436
317,Kalehe,CD6205ZS02,207124
318,Kalonge,CD6205ZS03,196416
319,Minova,CD6205ZS04,304764
320,Idjwi,CD6206ZS01,325888
321,Kaziba,CD6207ZS01,148678
322,Mubumbano,CD6207ZS02,228505
323,Nyangezi,CD6207ZS03,182306
324,Walungu,CD6207ZS04,315336
325,Hauts-Plateaux,CD6208ZS01,172846
326,Lemera,CD6208ZS02,209195
327,Ruzizi,CD6208ZS03,209189
328,Uvira,CD6208ZS04,393757
329,Fizi,CD6210ZS01,394111
330,Kimbi Lulenge,CD6210ZS02,230175
331,Minembwe,CD6210ZS03,101309
332,Nundu,CD6210ZS04,240543
333,Itombwe,CD6212ZS01,112856
334,Kamituga,CD6212ZS02,236182
335,Kitutu,CD6212ZS03,181041
336,Mwana,CD6212ZS04,164512
337,Mwenga,CD6212ZS05,166495
338,Alunguli,CD6301ZS01,108631
339,Kindu,CD6301ZS02,248080
340,Kailo,CD6302ZS01,193986
341,Ferekeni,CD6303ZS01,97512
342,Punia,CD6303ZS02,136043
343,Lubutu,CD6305ZS01,163523
344,Obokote,CD6305ZS02,110500
345,Kalima,CD6307ZS01,187074
346,Kampene,CD6307ZS02,197634
347,Pangi,CD6307ZS03,127662
348,Kabambare,CD6309ZS01,158563
349,Lusangi,CD6309ZS02,231552
350,Saramabila,CD6309ZS03,197756
351,Kasongo,CD6311ZS01,304155
352,Kunda,CD6311ZS02,362754
353,Samba,CD6311ZS03,164099
354,Kibombo,CD6313ZS01,142787
355,Tunda,CD6313ZS02,115246
356,Kamalondo,CD7101ZS01,79772
357,Kampemba,CD7101ZS02,504281
358,Katuba,CD7101ZS03,314905
359,Kenya,CD7101ZS04,332728
360,Kisanga,CD7101ZS05,296196
361,Kowe,CD7101ZS06,45448
362,Lubumbashi,CD7101ZS07,199248
363,Mumbunda,CD7101ZS08,334249
364,Rwashi,CD7101ZS09,461129
365,Tshamilemba,CD7101ZS10,270960
366,Vangu,CD7101ZS11,174594
367,Kafubu,CD7102ZS01,121517
368,Kipushi,CD7102ZS02,256446
369,Sakania,CD7104ZS01,299028
370,Kambove,CD7105ZS01,155738
371,Kapolowe,CD7105ZS02,191631
372,Kilela Balanda,CD7105ZS03,88010
373,Manika,CD7105ZS04,588689
374,Panda,CD7105ZS05,111425
375,Likasi,CD7106ZS01,179860
376,Kasenga,CD7107ZS01,191567
377,Kikula,CD7107ZS02,296447
378,Lukafu,CD7107ZS03,111427
379,Kashobwe,CD7107ZS04,181341
380,Mitwaba,CD7108ZS01,148197
381,Mufunga Sampwe,CD7108ZS02,222426
382,Kilwa,CD7109ZS01,400036
383,Pweto,CD7109ZS02,319326
384,Dilala,CD7202ZS01,540927
385,Lualaba,CD7202ZS02,313153
386,Mutshatsha,CD7202ZS03,137943
387,Bunkeya,CD7203ZS01,98508
388,Fungurume,CD7203ZS02,520214
389,Kanzenze,CD7203ZS03,179455
390,Lubudi,CD7203ZS04,146443
391,Dilolo,CD7205ZS01,331981
392,Kasaji,CD7205ZS02,481445
393,Kafakumba,CD7206ZS01,227671
394,Sandoa,CD7206ZS02,397459
395,Kalamba,CD7207ZS01,173591
396,Kapanga,CD7207ZS02,274314
397,Baka,CD7302ZS01,38283
398,Kamina,CD7302ZS02,383584
399,Kinda,CD7302ZS03,108210
400,Songa,CD7302ZS04,218899
401,Kaniama,CD7303ZS01,345660
402,Kabongo,CD7304ZS01,436853
403,Kayamba,CD7304ZS02,127770
404,Kitenge,CD7304ZS03,338249
405,Kinkondja,CD7305ZS01,346497
406,Lwamba,CD7305ZS02,162417
407,Mukanga,CD7305ZS03,262034
408,Mulongo,CD7305ZS04,348614
409,Bukama,CD7306ZS01,424702
410,Butumba,CD7306ZS02,236963
411,Kabondo Dianda,CD7306ZS03,319907
412,Malemba,CD7306ZS04,303580
413,Kalemie,CD7402ZS01,540745
414,Nyemba,CD7402ZS02,508070
415,Kansimba,CD7404ZS01,262024
416,Moba,CD7404ZS02,523185
417,Ankoro,CD7406ZS01,413886
418,Kiyambi,CD7406ZS02,268199
419,Manono,CD7406ZS03,453108
420,Kabalo,CD7407ZS01,407520
421,Kongolo,CD7409ZS01,486758
422,Mbulula,CD7409ZS02,307874
423,Nyunzu,CD7410ZS01,418607
424,Kabinda,CD8102ZS01,271883
425,Kalonda Est,CD8102ZS02,224014
426,Ludimbi Lukula,CD8102ZS03,150774
427,Makota,CD8103ZS01,231879
428,Mwene Ditu,CD8103ZS02,417840
429,Kalenda,CD8104ZS01,196263
430,Kanda Kanda,CD8104ZS02,230401
431,Luputa,CD8104ZS03,286296
432,Wikong,CD8104ZS04,117271
433,Kamiji,CD8105ZS01,95916
434,Kalambayi Kabanga,CD8106ZS01,154724
435,Mulumba,CD8106ZS02,283888
436,Ngandajika,CD8106ZS03,307666
437,Kamana,CD8108ZS01,187291
438,Lubao,CD8108ZS02,204024
439,Tshofa,CD8108ZS03,132919
440,Bipemba,CD8201ZS01,345224
441,Bonzola,CD8201ZS02,193576
442,Dibindi,CD8201ZS03,255731
443,Diulu,CD8201ZS04,358107
444,Kansele,CD8201ZS05,244364
445,Lubilanji,CD8201ZS06,251463
446,Lukelenge,CD8201ZS07,262787
447,Mpokolo,CD8201ZS08,293580
448,Muya,CD8201ZS09,335167
449,Nzaba,CD8201ZS10,284639
450,Kasansa,CD8202ZS01,198392
451,Tshilenge,CD8202ZS02,285233
452,Cilundu,CD8205ZS01,175062
453,Miabi,CD8205ZS02,140400
454,Kabeya Kamuanga,CD8207ZS01,173647
455,Mukumbi,CD8208ZS01,113903
456,Tshishimbi,CD8208ZS02,183828
457,Bibanga,CD8209ZS01,144039
458,Tshitenge,CD8209ZS02,221968
459,Lusambo,CD8302ZS01,151356
460,Ototo,CD8302ZS02,216014
461,Pania Mutombo,CD8302ZS03,122645
462,Lodja,CD8303ZS01,308419
463,Omendjadi,CD8303ZS02,218196
464,Vanga Kete,CD8303ZS03,207017
465,Bena Dibele,CD8306ZS01,143593
466,Kole,CD8306ZS02,146824
467,Lomela,CD8307ZS01,188451
468,Tshudi Loto,CD8307ZS02,129952
469,Djalo Djeka,CD8308ZS01,134094
470,Katako Kombe,CD8308ZS02,224939
471,Wembo Nyama,CD8308ZS03,141148
472,Dikungu,CD8309ZS01,236160
473,Minga,CD8309ZS02,267248
474,Tshumbe,CD8309ZS03,162450
475,Bobozo,CD9101ZS01,47144
476,Kananga,CD9101ZS02,285788
477,Katoka,CD9101ZS03,148165
478,Lukonga,CD9101ZS04,285386
479,Ndesha,CD9101ZS05,108454
480,Tshikaji,CD9101ZS06,125738
481,Bunkonde,CD9102ZS01,119277
482,Dibaya,CD9102ZS02,157435
483,Lubondaie,CD9102ZS03,157746
484,Tshikula,CD9102ZS04,142945
485,Luambo,CD9104ZS01,286094
486,Luiza,CD9104ZS02,180409
487,Masuika,CD9104ZS03,214979
488,Yangala,CD9104ZS04,160737
489,Bilomba,CD9105ZS01,94796
490,Kalomba,CD9105ZS02,158245
491,Mikalayi,CD9105ZS03,230316
492,Ndekesha,CD9105ZS04,167134
493,Tshibala,CD9105ZS05,255896
494,Bena Leka,CD9106ZS01,292222
495,Demba,CD9106ZS02,331977
496,Mutoto,CD9106ZS03,135294
497,Bena Tshiadi,CD9107ZS01,119834
498,Katende,CD9107ZS02,95409
499,Lubunga,CD9107ZS03,103034
500,Muetshi,CD9107ZS04,118217
501,Kalonda Ouest,CD9202ZS01,388237
502,Kamonia,CD9202ZS02,306411
503,Kamwesha,CD9202ZS03,360734
504,Kanzala,CD9202ZS04,229387
505,Kitangwa,CD9202ZS05,231318
506,Mutena,CD9202ZS06,217671
507,Nyanga,CD9202ZS07,117871
508,Tshikapa,CD9202ZS08,347255
509,Luebo,CD9204ZS01,230813
510,Ndjoko-Mpunda,CD9204ZS02,144061
511,Banga Lubaka,CD9205ZS01,148436
512,Ilebo,CD9205ZS02,168665
513,Mikope,CD9205ZS03,177527
514,Bulape,CD9207ZS01,161478
515,Kakenge,CD9207ZS02,140018
516,Mushenge,CD9207ZS03,138712
517,Mweka,CD9207ZS04,192288
518,Dekese,CD9208ZS01,138894
